{
  "pair": "GBPSEK",
  "timeframe": "15m",
  "model_type": "random_forest",
  "version": "v2",
  "saved_at": "2026-07-23T04:52:30+00:00",
  "metrics": {
    "accuracy": 0.38620689655172413,
    "precision": 0.38620689655172413,
    "recall": 1.0,
    "f1": 0.5572139303482587,
    "roc_auc": 0.4362459871589085,
    "threshold": 0.3,
    "training_bars": 1930,
    "n_features_selected": 27,
    "cv_accuracy_mean": 0.5172161172161173,
    "cv_accuracy_std": 0.05648156854914689,
    "cv_precision_mean": 0.47492325069508806,
    "cv_precision_std": 0.11026760769371124,
    "cv_recall_mean": 0.380152367608635,
    "cv_recall_std": 0.18390677293245722,
    "cv_f1_mean": 0.398073561888553,
    "cv_f1_std": 0.14829903760231494,
    "cv_roc_auc_mean": 0.5355178347045567,
    "cv_roc_auc_std": 0.08367463601019558
  },
  "model_path": "GBPSEK_15m/random_forest_v2.pkl",
  "is_keras": false,
  "feature_names": [
    "candle_range",
    "candle_body_ratio",
    "candle_lower_wick",
    "change_1",
    "change_3",
    "change_5",
    "change_10",
    "change_20",
    "high_5",
    "low_5",
    "range_5_pips",
    "high_20",
    "low_20",
    "range_20_pips",
    "high_50",
    "low_50",
    "range_50_pips",
    "rsi_7",
    "rsi_14",
    "rsi_21",
    "macd",
    "macd_signal",
    "macd_diff",
    "atr_percentage",
    "volume_ratio",
    "ema_20_distance",
    "ema_50_distance"
  ]
}