{
  "pair": "GBPSEK",
  "timeframe": "15m",
  "model_type": "xgboost",
  "version": "v2",
  "saved_at": "2026-07-23T04:52:30+00:00",
  "metrics": {
    "accuracy": 0.38620689655172413,
    "precision": 0.38620689655172413,
    "recall": 1.0,
    "f1": 0.5572139303482587,
    "roc_auc": 0.39446227929373995,
    "threshold": 0.3,
    "training_bars": 1930,
    "n_features_selected": 27,
    "cv_accuracy_mean": 0.558974358974359,
    "cv_accuracy_std": 0.04862835685062591,
    "cv_precision_mean": 0.5506141865125531,
    "cv_precision_std": 0.08959681731789372,
    "cv_recall_mean": 0.37356712916339063,
    "cv_recall_std": 0.17170665714460237,
    "cv_f1_mean": 0.41492666936204464,
    "cv_f1_std": 0.15784510187842457,
    "cv_roc_auc_mean": 0.6064869532193681,
    "cv_roc_auc_std": 0.06281580535756387
  },
  "model_path": "GBPSEK_15m/xgboost_v2.pkl",
  "is_keras": false,
  "feature_names": [
    "candle_range",
    "candle_body_ratio",
    "candle_lower_wick",
    "change_1",
    "change_3",
    "change_5",
    "change_10",
    "change_20",
    "high_5",
    "low_5",
    "range_5_pips",
    "high_20",
    "low_20",
    "range_20_pips",
    "high_50",
    "low_50",
    "range_50_pips",
    "rsi_7",
    "rsi_14",
    "rsi_21",
    "macd",
    "macd_signal",
    "macd_diff",
    "atr_percentage",
    "volume_ratio",
    "ema_20_distance",
    "ema_50_distance"
  ]
}