{
  "pair": "EURAUD",
  "timeframe": "15m",
  "model_type": "random_forest",
  "version": "v2",
  "saved_at": "2026-07-23T04:39:55+00:00",
  "metrics": {
    "accuracy": 0.4586206896551724,
    "precision": 0.4586206896551724,
    "recall": 1.0,
    "f1": 0.6288416075650118,
    "roc_auc": 0.46477659115942715,
    "threshold": 0.3,
    "training_bars": 1930,
    "n_features_selected": 27,
    "cv_accuracy_mean": 0.5032967032967033,
    "cv_accuracy_std": 0.07217511625934249,
    "cv_precision_mean": 0.5658875455905585,
    "cv_precision_std": 0.22587561855747892,
    "cv_recall_mean": 0.6774073700243036,
    "cv_recall_std": 0.3392806709545519,
    "cv_f1_mean": 0.4764463854594078,
    "cv_f1_std": 0.2195861856333937,
    "cv_roc_auc_mean": 0.5602012431999374,
    "cv_roc_auc_std": 0.09408511860336612
  },
  "model_path": "EURAUD_15m/random_forest_v2.pkl",
  "is_keras": false,
  "feature_names": [
    "candle_range",
    "change_1",
    "change_3",
    "change_5",
    "change_10",
    "change_20",
    "high_5",
    "low_5",
    "range_5_pips",
    "high_20",
    "low_20",
    "range_20_pips",
    "high_50",
    "low_50",
    "range_50_pips",
    "rsi_7",
    "rsi_14",
    "rsi_21",
    "macd",
    "macd_signal",
    "macd_diff",
    "atr",
    "atr_percentage",
    "volume_ratio",
    "ema_9_distance",
    "ema_20_distance",
    "ema_50_distance"
  ]
}