{
  "pair": "EURAUD",
  "timeframe": "15m",
  "model_type": "xgboost",
  "version": "v2",
  "saved_at": "2026-07-23T04:39:55+00:00",
  "metrics": {
    "accuracy": 0.4586206896551724,
    "precision": 0.4586206896551724,
    "recall": 1.0,
    "f1": 0.6288416075650118,
    "roc_auc": 0.5,
    "threshold": 0.3,
    "training_bars": 1930,
    "n_features_selected": 27,
    "cv_accuracy_mean": 0.482051282051282,
    "cv_accuracy_std": 0.0986049017341611,
    "cv_precision_mean": 0.45538744409712156,
    "cv_precision_std": 0.10863579897008532,
    "cv_recall_mean": 0.5700750616500884,
    "cv_recall_std": 0.2748834670530083,
    "cv_f1_mean": 0.446947081910436,
    "cv_f1_std": 0.169696137163292,
    "cv_roc_auc_mean": 0.5038213942801686,
    "cv_roc_auc_std": 0.1285031657288709
  },
  "model_path": "EURAUD_15m/xgboost_v2.pkl",
  "is_keras": false,
  "feature_names": [
    "candle_range",
    "change_1",
    "change_3",
    "change_5",
    "change_10",
    "change_20",
    "high_5",
    "low_5",
    "range_5_pips",
    "high_20",
    "low_20",
    "range_20_pips",
    "high_50",
    "low_50",
    "range_50_pips",
    "rsi_7",
    "rsi_14",
    "rsi_21",
    "macd",
    "macd_signal",
    "macd_diff",
    "atr",
    "atr_percentage",
    "volume_ratio",
    "ema_9_distance",
    "ema_20_distance",
    "ema_50_distance"
  ]
}