{
  "pair": "CHFJPY",
  "timeframe": "15m",
  "model_type": "random_forest",
  "version": "v2",
  "saved_at": "2026-07-23T04:39:04+00:00",
  "metrics": {
    "accuracy": 0.43448275862068964,
    "precision": 0.4444444444444444,
    "recall": 0.8955223880597015,
    "f1": 0.594059405940594,
    "roc_auc": 0.6153367776502106,
    "threshold": 0.34,
    "training_bars": 1929,
    "n_features_selected": 27,
    "cv_accuracy_mean": 0.5164835164835164,
    "cv_accuracy_std": 0.08936527872220898,
    "cv_precision_mean": 0.47603190456528954,
    "cv_precision_std": 0.1086076590732476,
    "cv_recall_mean": 0.5085297002966953,
    "cv_recall_std": 0.15946466730015202,
    "cv_f1_mean": 0.4608680751439511,
    "cv_f1_std": 0.06897983013431115,
    "cv_roc_auc_mean": 0.5781240785769017,
    "cv_roc_auc_std": 0.08965501643406432
  },
  "model_path": "CHFJPY_15m/random_forest_v2.pkl",
  "is_keras": false,
  "feature_names": [
    "candle_range",
    "candle_upper_wick",
    "candle_lower_wick",
    "change_1",
    "change_3",
    "change_5",
    "change_10",
    "high_5",
    "low_5",
    "range_5_pips",
    "high_20",
    "low_20",
    "range_20_pips",
    "high_50",
    "low_50",
    "range_50_pips",
    "rsi_14",
    "rsi_21",
    "macd",
    "macd_signal",
    "macd_diff",
    "atr",
    "atr_percentage",
    "volume_ratio",
    "ema_9_distance",
    "ema_20_distance",
    "ema_50_distance"
  ]
}