{
  "pair": "CHFJPY",
  "timeframe": "15m",
  "model_type": "xgboost",
  "version": "v2",
  "saved_at": "2026-07-23T04:39:03+00:00",
  "metrics": {
    "accuracy": 0.4413793103448276,
    "precision": 0.45,
    "recall": 0.9402985074626866,
    "f1": 0.6086956521739131,
    "roc_auc": 0.5997177573670112,
    "threshold": 0.3,
    "training_bars": 1929,
    "n_features_selected": 27,
    "cv_accuracy_mean": 0.5604395604395604,
    "cv_accuracy_std": 0.07460307468484081,
    "cv_precision_mean": 0.516282382989735,
    "cv_precision_std": 0.09865060232545608,
    "cv_recall_mean": 0.5932006578797451,
    "cv_recall_std": 0.17373171877079843,
    "cv_f1_mean": 0.5242096854112464,
    "cv_f1_std": 0.05687603643715597,
    "cv_roc_auc_mean": 0.5998657025923594,
    "cv_roc_auc_std": 0.10394337053401284
  },
  "model_path": "CHFJPY_15m/xgboost_v2.pkl",
  "is_keras": false,
  "feature_names": [
    "candle_range",
    "candle_upper_wick",
    "candle_lower_wick",
    "change_1",
    "change_3",
    "change_5",
    "change_10",
    "high_5",
    "low_5",
    "range_5_pips",
    "high_20",
    "low_20",
    "range_20_pips",
    "high_50",
    "low_50",
    "range_50_pips",
    "rsi_14",
    "rsi_21",
    "macd",
    "macd_signal",
    "macd_diff",
    "atr",
    "atr_percentage",
    "volume_ratio",
    "ema_9_distance",
    "ema_20_distance",
    "ema_50_distance"
  ]
}