{
  "pair": "EURUSD",
  "timeframe": "15m",
  "model_type": "random_forest",
  "version": "v10",
  "saved_at": "2026-07-23T04:47:31+00:00",
  "metrics": {
    "accuracy": 0.4896551724137931,
    "precision": 0.4842105263157895,
    "recall": 0.9928057553956835,
    "f1": 0.6509433962264151,
    "roc_auc": 0.5721092000571728,
    "threshold": 0.32,
    "training_bars": 1929,
    "n_features_selected": 27,
    "cv_accuracy_mean": 0.6183150183150183,
    "cv_accuracy_std": 0.0703983181452614,
    "cv_precision_mean": 0.4787431958911548,
    "cv_precision_std": 0.25973666785207966,
    "cv_recall_mean": 0.3956974519508854,
    "cv_recall_std": 0.3172539081856234,
    "cv_f1_mean": 0.3831997746132568,
    "cv_f1_std": 0.24813139884198437,
    "cv_roc_auc_mean": 0.6231398618383502,
    "cv_roc_auc_std": 0.11220002067402213
  },
  "model_path": "EURUSD_15m/random_forest_v10.pkl",
  "is_keras": false,
  "feature_names": [
    "candle_range",
    "candle_lower_wick",
    "change_1",
    "change_3",
    "change_5",
    "change_10",
    "change_20",
    "high_5",
    "low_5",
    "range_5_pips",
    "high_20",
    "low_20",
    "range_20_pips",
    "high_50",
    "low_50",
    "range_50_pips",
    "rsi_7",
    "rsi_14",
    "rsi_21",
    "macd",
    "macd_signal",
    "macd_diff",
    "atr",
    "atr_percentage",
    "volume_ratio",
    "ema_9_distance",
    "ema_50_distance"
  ]
}