{
  "pair": "EURUSD",
  "timeframe": "15m",
  "model_type": "random_forest",
  "version": "v9",
  "saved_at": "2026-07-21T10:23:30+00:00",
  "metrics": {
    "accuracy": 0.4714285714285714,
    "precision": 0.47101449275362317,
    "recall": 0.9848484848484849,
    "f1": 0.6372549019607843,
    "roc_auc": 0.3996723996723997,
    "threshold": 0.3,
    "training_bars": 929,
    "n_features_selected": 26,
    "cv_accuracy_mean": 0.5923664122137404,
    "cv_accuracy_std": 0.04984680219027331,
    "cv_precision_mean": 0.6228808091979448,
    "cv_precision_std": 0.20404732970692457,
    "cv_recall_mean": 0.5117522447863477,
    "cv_recall_std": 0.2717003416198651,
    "cv_f1_mean": 0.4996882238816559,
    "cv_f1_std": 0.1356105048975211,
    "cv_roc_auc_mean": 0.6823848610027028,
    "cv_roc_auc_std": 0.0769837321849924
  },
  "model_path": "D:\\Projects\\forex\\memory\\ml_models\\EURUSD_15m\\random_forest_v9.pkl",
  "is_keras": false,
  "feature_names": [
    "candle_range",
    "candle_body_ratio",
    "candle_lower_wick",
    "change_3",
    "change_5",
    "change_10",
    "change_20",
    "high_5",
    "low_5",
    "range_5_pips",
    "high_20",
    "low_20",
    "range_20_pips",
    "high_50",
    "low_50",
    "range_50_pips",
    "rsi_14",
    "rsi_21",
    "macd",
    "macd_signal",
    "macd_diff",
    "atr",
    "atr_percentage",
    "volume_ratio",
    "ema_9_distance",
    "ema_50_distance"
  ]
}