{
  "pair": "EURUSD",
  "timeframe": "15m",
  "model_type": "xgboost",
  "version": "v7",
  "saved_at": "2026-07-21T10:23:30+00:00",
  "metrics": {
    "accuracy": 0.5928571428571429,
    "precision": 0.550561797752809,
    "recall": 0.7424242424242424,
    "f1": 0.632258064516129,
    "roc_auc": 0.5427927927927927,
    "threshold": 0.5,
    "training_bars": 929,
    "n_features_selected": 26,
    "cv_accuracy_mean": 0.5511450381679388,
    "cv_accuracy_std": 0.15935011655745257,
    "cv_precision_mean": 0.510247031909652,
    "cv_precision_std": 0.10793230972626928,
    "cv_recall_mean": 0.6134613846614507,
    "cv_recall_std": 0.19189885673670876,
    "cv_f1_mean": 0.552858558324983,
    "cv_f1_std": 0.135643266456643,
    "cv_roc_auc_mean": 0.5769809453052128,
    "cv_roc_auc_std": 0.15535182832737246
  },
  "model_path": "D:\\Projects\\forex\\memory\\ml_models\\EURUSD_15m\\xgboost_v7.pkl",
  "is_keras": false,
  "feature_names": [
    "candle_range",
    "candle_body_ratio",
    "candle_lower_wick",
    "change_3",
    "change_5",
    "change_10",
    "change_20",
    "high_5",
    "low_5",
    "range_5_pips",
    "high_20",
    "low_20",
    "range_20_pips",
    "high_50",
    "low_50",
    "range_50_pips",
    "rsi_14",
    "rsi_21",
    "macd",
    "macd_signal",
    "macd_diff",
    "atr",
    "atr_percentage",
    "volume_ratio",
    "ema_9_distance",
    "ema_50_distance"
  ]
}