{
  "pair": "EURUSD",
  "timeframe": "15m",
  "model_type": "xgboost",
  "version": "v8",
  "saved_at": "2026-07-23T04:47:30+00:00",
  "metrics": {
    "accuracy": 0.4793103448275862,
    "precision": 0.4793103448275862,
    "recall": 1.0,
    "f1": 0.6480186480186481,
    "roc_auc": 0.47119919958073275,
    "threshold": 0.3,
    "training_bars": 1929,
    "n_features_selected": 27,
    "cv_accuracy_mean": 0.6102564102564103,
    "cv_accuracy_std": 0.07187705545149323,
    "cv_precision_mean": 0.4444936748377891,
    "cv_precision_std": 0.2318980637336926,
    "cv_recall_mean": 0.4045533217113514,
    "cv_recall_std": 0.2503192015885584,
    "cv_f1_mean": 0.40775868177230407,
    "cv_f1_std": 0.22201062013869496,
    "cv_roc_auc_mean": 0.6392001042028577,
    "cv_roc_auc_std": 0.0885592332160483
  },
  "model_path": "EURUSD_15m/xgboost_v8.pkl",
  "is_keras": false,
  "feature_names": [
    "candle_range",
    "candle_lower_wick",
    "change_1",
    "change_3",
    "change_5",
    "change_10",
    "change_20",
    "high_5",
    "low_5",
    "range_5_pips",
    "high_20",
    "low_20",
    "range_20_pips",
    "high_50",
    "low_50",
    "range_50_pips",
    "rsi_7",
    "rsi_14",
    "rsi_21",
    "macd",
    "macd_signal",
    "macd_diff",
    "atr",
    "atr_percentage",
    "volume_ratio",
    "ema_9_distance",
    "ema_50_distance"
  ]
}