{
  "pair": "GBPCHF",
  "timeframe": "15m",
  "model_type": "random_forest",
  "version": "v2",
  "saved_at": "2026-07-23T04:49:19+00:00",
  "metrics": {
    "accuracy": 0.43448275862068964,
    "precision": 0.45149253731343286,
    "recall": 0.8768115942028986,
    "f1": 0.5960591133004927,
    "roc_auc": 0.4312070938215103,
    "threshold": 0.44,
    "training_bars": 1930,
    "n_features_selected": 27,
    "cv_accuracy_mean": 0.5135531135531136,
    "cv_accuracy_std": 0.05595650242909397,
    "cv_precision_mean": 0.4894023031295758,
    "cv_precision_std": 0.15150527546313575,
    "cv_recall_mean": 0.23860886433438586,
    "cv_recall_std": 0.14783621427860555,
    "cv_f1_mean": 0.2893583952490243,
    "cv_f1_std": 0.14477564403094925,
    "cv_roc_auc_mean": 0.5146071636469282,
    "cv_roc_auc_std": 0.11929875196093097
  },
  "model_path": "GBPCHF_15m/random_forest_v2.pkl",
  "is_keras": false,
  "feature_names": [
    "candle_range",
    "candle_body_ratio",
    "candle_upper_wick",
    "change_3",
    "change_5",
    "change_10",
    "change_20",
    "high_5",
    "low_5",
    "range_5_pips",
    "high_20",
    "low_20",
    "range_20_pips",
    "high_50",
    "low_50",
    "range_50_pips",
    "rsi_7",
    "rsi_14",
    "rsi_21",
    "macd",
    "macd_signal",
    "macd_diff",
    "atr",
    "atr_percentage",
    "volume_ratio",
    "ema_20_distance",
    "ema_50_distance"
  ]
}