{
  "pair": "GBPCHF",
  "timeframe": "15m",
  "model_type": "xgboost",
  "version": "v2",
  "saved_at": "2026-07-23T04:49:19+00:00",
  "metrics": {
    "accuracy": 0.47586206896551725,
    "precision": 0.47586206896551725,
    "recall": 1.0,
    "f1": 0.6448598130841121,
    "roc_auc": 0.43535469107551483,
    "threshold": 0.3,
    "training_bars": 1930,
    "n_features_selected": 27,
    "cv_accuracy_mean": 0.5553113553113553,
    "cv_accuracy_std": 0.04465860997546717,
    "cv_precision_mean": 0.5698888924455054,
    "cv_precision_std": 0.12530426050853177,
    "cv_recall_mean": 0.2526440703703869,
    "cv_recall_std": 0.09702698775640302,
    "cv_f1_mean": 0.3391900996720274,
    "cv_f1_std": 0.10968950019581282,
    "cv_roc_auc_mean": 0.5687826554761453,
    "cv_roc_auc_std": 0.07250565305672864
  },
  "model_path": "GBPCHF_15m/xgboost_v2.pkl",
  "is_keras": false,
  "feature_names": [
    "candle_range",
    "candle_body_ratio",
    "candle_upper_wick",
    "change_3",
    "change_5",
    "change_10",
    "change_20",
    "high_5",
    "low_5",
    "range_5_pips",
    "high_20",
    "low_20",
    "range_20_pips",
    "high_50",
    "low_50",
    "range_50_pips",
    "rsi_7",
    "rsi_14",
    "rsi_21",
    "macd",
    "macd_signal",
    "macd_diff",
    "atr",
    "atr_percentage",
    "volume_ratio",
    "ema_20_distance",
    "ema_50_distance"
  ]
}