{
  "pair": "EURNZD",
  "timeframe": "15m",
  "model_type": "random_forest",
  "version": "v2",
  "saved_at": "2026-07-23T04:45:30+00:00",
  "metrics": {
    "accuracy": 0.506896551724138,
    "precision": 0.5202312138728323,
    "recall": 0.6,
    "f1": 0.5572755417956656,
    "roc_auc": 0.4948095238095238,
    "threshold": 0.3,
    "training_bars": 1930,
    "n_features_selected": 27,
    "cv_accuracy_mean": 0.4937728937728938,
    "cv_accuracy_std": 0.08647792327926795,
    "cv_precision_mean": 0.40116925706315076,
    "cv_precision_std": 0.051845639727492086,
    "cv_recall_mean": 0.6565304232804233,
    "cv_recall_std": 0.17188440989203058,
    "cv_f1_mean": 0.48589641227046537,
    "cv_f1_std": 0.05144862838025201,
    "cv_roc_auc_mean": 0.549201539397651,
    "cv_roc_auc_std": 0.07142174051321754
  },
  "model_path": "EURNZD_15m/random_forest_v2.pkl",
  "is_keras": false,
  "feature_names": [
    "candle_body_ratio",
    "candle_upper_wick",
    "candle_lower_wick",
    "change_3",
    "change_5",
    "change_10",
    "change_20",
    "high_5",
    "low_5",
    "high_20",
    "low_20",
    "range_20_pips",
    "high_50",
    "low_50",
    "range_50_pips",
    "rsi_7",
    "rsi_14",
    "rsi_21",
    "macd",
    "macd_signal",
    "macd_diff",
    "atr",
    "atr_percentage",
    "volume_ratio",
    "ema_9_distance",
    "ema_20_distance",
    "ema_50_distance"
  ]
}