{
  "pair": "EURNZD",
  "timeframe": "15m",
  "model_type": "xgboost",
  "version": "v2",
  "saved_at": "2026-07-23T04:45:30+00:00",
  "metrics": {
    "accuracy": 0.5517241379310345,
    "precision": 0.5625,
    "recall": 0.6,
    "f1": 0.5806451612903226,
    "roc_auc": 0.4985238095238095,
    "threshold": 0.3,
    "training_bars": 1930,
    "n_features_selected": 27,
    "cv_accuracy_mean": 0.5025641025641026,
    "cv_accuracy_std": 0.061179837644287076,
    "cv_precision_mean": 0.3963053080029417,
    "cv_precision_std": 0.030686228111941695,
    "cv_recall_mean": 0.6074512471655329,
    "cv_recall_std": 0.14168663440810964,
    "cv_f1_mean": 0.46970496421362445,
    "cv_f1_std": 0.045907774574385954,
    "cv_roc_auc_mean": 0.5604234856769876,
    "cv_roc_auc_std": 0.07964769708078562
  },
  "model_path": "EURNZD_15m/xgboost_v2.pkl",
  "is_keras": false,
  "feature_names": [
    "candle_body_ratio",
    "candle_upper_wick",
    "candle_lower_wick",
    "change_3",
    "change_5",
    "change_10",
    "change_20",
    "high_5",
    "low_5",
    "high_20",
    "low_20",
    "range_20_pips",
    "high_50",
    "low_50",
    "range_50_pips",
    "rsi_7",
    "rsi_14",
    "rsi_21",
    "macd",
    "macd_signal",
    "macd_diff",
    "atr",
    "atr_percentage",
    "volume_ratio",
    "ema_9_distance",
    "ema_20_distance",
    "ema_50_distance"
  ]
}