{
  "pair": "GBPUSD",
  "timeframe": "15m",
  "model_type": "random_forest",
  "version": "v7",
  "saved_at": "2026-07-23T04:53:19+00:00",
  "metrics": {
    "accuracy": 0.4413793103448276,
    "precision": 0.4413793103448276,
    "recall": 1.0,
    "f1": 0.6124401913875598,
    "roc_auc": 0.7448398919753086,
    "threshold": 0.3,
    "training_bars": 1930,
    "n_features_selected": 27,
    "cv_accuracy_mean": 0.5201465201465201,
    "cv_accuracy_std": 0.08216893710071768,
    "cv_precision_mean": 0.49326248171749015,
    "cv_precision_std": 0.11352781165997289,
    "cv_recall_mean": 0.5691678885630498,
    "cv_recall_std": 0.19228502143017548,
    "cv_f1_mean": 0.489932663648589,
    "cv_f1_std": 0.025168415466089087,
    "cv_roc_auc_mean": 0.5396298772692971,
    "cv_roc_auc_std": 0.07972869015246505
  },
  "model_path": "GBPUSD_15m/random_forest_v7.pkl",
  "is_keras": false,
  "feature_names": [
    "candle_range",
    "change_1",
    "change_3",
    "change_5",
    "change_10",
    "change_20",
    "high_5",
    "low_5",
    "range_5_pips",
    "high_20",
    "low_20",
    "range_20_pips",
    "high_50",
    "low_50",
    "range_50_pips",
    "rsi_7",
    "rsi_14",
    "rsi_21",
    "macd",
    "macd_signal",
    "macd_diff",
    "atr",
    "atr_percentage",
    "volume_ratio",
    "ema_20_distance",
    "ema_50_distance",
    "ema_bullish_alignment"
  ]
}