{
  "pair": "GBPUSD",
  "timeframe": "15m",
  "model_type": "xgboost",
  "version": "v6",
  "saved_at": "2026-07-23T04:53:19+00:00",
  "metrics": {
    "accuracy": 0.4413793103448276,
    "precision": 0.4413793103448276,
    "recall": 1.0,
    "f1": 0.6124401913875598,
    "roc_auc": 0.37232349537037035,
    "threshold": 0.3,
    "training_bars": 1930,
    "n_features_selected": 27,
    "cv_accuracy_mean": 0.5069597069597069,
    "cv_accuracy_std": 0.08329125854866501,
    "cv_precision_mean": 0.48588868609774527,
    "cv_precision_std": 0.1355752121205554,
    "cv_recall_mean": 0.47854166666666664,
    "cv_recall_std": 0.1517227460424661,
    "cv_f1_mean": 0.43951656016303087,
    "cv_f1_std": 0.03920506949653887,
    "cv_roc_auc_mean": 0.4970028601942732,
    "cv_roc_auc_std": 0.06107969704882993
  },
  "model_path": "GBPUSD_15m/xgboost_v6.pkl",
  "is_keras": false,
  "feature_names": [
    "candle_range",
    "change_1",
    "change_3",
    "change_5",
    "change_10",
    "change_20",
    "high_5",
    "low_5",
    "range_5_pips",
    "high_20",
    "low_20",
    "range_20_pips",
    "high_50",
    "low_50",
    "range_50_pips",
    "rsi_7",
    "rsi_14",
    "rsi_21",
    "macd",
    "macd_signal",
    "macd_diff",
    "atr",
    "atr_percentage",
    "volume_ratio",
    "ema_20_distance",
    "ema_50_distance",
    "ema_bullish_alignment"
  ]
}