{
  "pair": "GBPUSD",
  "timeframe": "15m",
  "model_type": "xgboost",
  "version": "v7",
  "saved_at": "2026-07-23T22:24:38+00:00",
  "metrics": {
    "accuracy": 0.4821214142761841,
    "precision": 0.4503353057199211,
    "recall": 0.8776137761377614,
    "f1": 0.5952343709265342,
    "roc_auc": 0.5628445458535425,
    "threshold": 0.36,
    "training_bars": 99929,
    "n_features_selected": 27,
    "cv_accuracy_mean": 0.5478666289912405,
    "cv_accuracy_std": 0.007777694581805653,
    "cv_precision_mean": 0.4885556907190093,
    "cv_precision_std": 0.009639615614850721,
    "cv_recall_mean": 0.49721362014842124,
    "cv_recall_std": 0.188331727982996,
    "cv_f1_mean": 0.47247899248409064,
    "cv_f1_std": 0.09722825301111662,
    "cv_roc_auc_mean": 0.5589927571148682,
    "cv_roc_auc_std": 0.018464548566227285
  },
  "model_path": "GBPUSD_15m/xgboost_v7.pkl",
  "is_keras": false,
  "feature_names": [
    "candle_body",
    "candle_range",
    "candle_upper_wick",
    "change_5",
    "change_20",
    "high_5",
    "low_5",
    "range_5_pips",
    "high_20",
    "low_20",
    "range_20_pips",
    "high_50",
    "low_50",
    "range_50_pips",
    "rsi_7",
    "rsi_14",
    "rsi_21",
    "macd",
    "macd_signal",
    "macd_diff",
    "atr",
    "atr_percentage",
    "volume_ratio",
    "ema_9_distance",
    "ema_20_distance",
    "ema_50_distance",
    "hour_utc"
  ]
}