{
  "pair": "BTCUSD",
  "timeframe": "15m",
  "model_type": "random_forest",
  "version": "v2",
  "saved_at": "2026-07-23T03:36:17+00:00",
  "metrics": {
    "accuracy": 0.6137931034482759,
    "precision": 0.6111111111111112,
    "recall": 1.0,
    "f1": 0.7586206896551724,
    "roc_auc": 0.6814692982456141,
    "threshold": 0.34,
    "training_bars": 1930,
    "n_features_selected": 26,
    "cv_accuracy_mean": 0.550915750915751,
    "cv_accuracy_std": 0.15270112883081832,
    "cv_precision_mean": 0.6865837044938043,
    "cv_precision_std": 0.0694349310795749,
    "cv_recall_mean": 0.6613978405696136,
    "cv_recall_std": 0.32719951332181657,
    "cv_f1_mean": 0.6135887097968078,
    "cv_f1_std": 0.2512614071204392,
    "cv_roc_auc_mean": 0.546474352090734,
    "cv_roc_auc_std": 0.05863776442071584
  },
  "model_path": "D:\\Projects\\forex\\memory\\ml_models\\BTCUSD_15m\\random_forest_v2.pkl",
  "is_keras": false,
  "feature_names": [
    "candle_body_ratio",
    "change_1",
    "change_3",
    "change_5",
    "change_10",
    "change_20",
    "high_5",
    "low_5",
    "range_5_pips",
    "high_20",
    "low_20",
    "range_20_pips",
    "high_50",
    "low_50",
    "range_50_pips",
    "rsi_7",
    "rsi_14",
    "rsi_21",
    "macd",
    "macd_signal",
    "atr",
    "atr_percentage",
    "volume_ratio",
    "ema_9_distance",
    "ema_20_distance",
    "ema_50_distance"
  ]
}