{
  "pair": "BTCUSD",
  "timeframe": "15m",
  "model_type": "xgboost",
  "version": "v2",
  "saved_at": "2026-07-23T03:36:17+00:00",
  "metrics": {
    "accuracy": 0.6068965517241379,
    "precision": 0.6068965517241379,
    "recall": 1.0,
    "f1": 0.7553648068669528,
    "roc_auc": 0.5047846889952153,
    "threshold": 0.3,
    "training_bars": 1930,
    "n_features_selected": 26,
    "cv_accuracy_mean": 0.589010989010989,
    "cv_accuracy_std": 0.12632637009954656,
    "cv_precision_mean": 0.7001104728511569,
    "cv_precision_std": 0.06524553826915909,
    "cv_recall_mean": 0.7365186199040563,
    "cv_recall_std": 0.2578116284717965,
    "cv_f1_mean": 0.6857800907721794,
    "cv_f1_std": 0.1616667647905922,
    "cv_roc_auc_mean": 0.550307940639416,
    "cv_roc_auc_std": 0.04136733136585461
  },
  "model_path": "D:\\Projects\\forex\\memory\\ml_models\\BTCUSD_15m\\xgboost_v2.pkl",
  "is_keras": false,
  "feature_names": [
    "candle_body_ratio",
    "change_1",
    "change_3",
    "change_5",
    "change_10",
    "change_20",
    "high_5",
    "low_5",
    "range_5_pips",
    "high_20",
    "low_20",
    "range_20_pips",
    "high_50",
    "low_50",
    "range_50_pips",
    "rsi_7",
    "rsi_14",
    "rsi_21",
    "macd",
    "macd_signal",
    "atr",
    "atr_percentage",
    "volume_ratio",
    "ema_9_distance",
    "ema_20_distance",
    "ema_50_distance"
  ]
}