{
  "pair": "HKDJPY",
  "timeframe": "15m",
  "model_type": "random_forest",
  "version": "v2",
  "saved_at": "2026-07-23T04:54:01+00:00",
  "metrics": {
    "accuracy": 0.6724137931034483,
    "precision": 0.6956521739130435,
    "recall": 0.2831858407079646,
    "f1": 0.4025157232704403,
    "roc_auc": 0.583620818959052,
    "threshold": 0.3,
    "training_bars": 1930,
    "n_features_selected": 25,
    "cv_accuracy_mean": 0.4967032967032967,
    "cv_accuracy_std": 0.0801051248810939,
    "cv_precision_mean": 0.5138638843426078,
    "cv_precision_std": 0.17846581876892592,
    "cv_recall_mean": 0.4443559640820288,
    "cv_recall_std": 0.15723344894339417,
    "cv_f1_mean": 0.43814820220892325,
    "cv_f1_std": 0.059063021467134595,
    "cv_roc_auc_mean": 0.5490352391263527,
    "cv_roc_auc_std": 0.12822983859576345
  },
  "model_path": "HKDJPY_15m/random_forest_v2.pkl",
  "is_keras": false,
  "feature_names": [
    "candle_upper_wick",
    "change_1",
    "change_5",
    "change_20",
    "high_5",
    "low_5",
    "range_5_pips",
    "high_20",
    "low_20",
    "range_20_pips",
    "high_50",
    "low_50",
    "range_50_pips",
    "rsi_7",
    "rsi_14",
    "rsi_21",
    "macd",
    "macd_signal",
    "macd_diff",
    "atr",
    "atr_percentage",
    "volume_ratio",
    "ema_9_distance",
    "ema_20_distance",
    "ema_50_distance"
  ]
}