{
  "pair": "HKDJPY",
  "timeframe": "15m",
  "model_type": "xgboost",
  "version": "v2",
  "saved_at": "2026-07-23T04:54:01+00:00",
  "metrics": {
    "accuracy": 0.6413793103448275,
    "precision": 0.8,
    "recall": 0.10619469026548672,
    "f1": 0.1875,
    "roc_auc": 0.6804659767011648,
    "threshold": 0.34,
    "training_bars": 1930,
    "n_features_selected": 25,
    "cv_accuracy_mean": 0.5391941391941392,
    "cv_accuracy_std": 0.10327851657113063,
    "cv_precision_mean": 0.5601407413118152,
    "cv_precision_std": 0.16424275733655386,
    "cv_recall_mean": 0.4619067770901589,
    "cv_recall_std": 0.11610155883640864,
    "cv_f1_mean": 0.4766746142757047,
    "cv_f1_std": 0.05905937559533381,
    "cv_roc_auc_mean": 0.5733559755394151,
    "cv_roc_auc_std": 0.11881917554132564
  },
  "model_path": "HKDJPY_15m/xgboost_v2.pkl",
  "is_keras": false,
  "feature_names": [
    "candle_upper_wick",
    "change_1",
    "change_5",
    "change_20",
    "high_5",
    "low_5",
    "range_5_pips",
    "high_20",
    "low_20",
    "range_20_pips",
    "high_50",
    "low_50",
    "range_50_pips",
    "rsi_7",
    "rsi_14",
    "rsi_21",
    "macd",
    "macd_signal",
    "macd_diff",
    "atr",
    "atr_percentage",
    "volume_ratio",
    "ema_9_distance",
    "ema_20_distance",
    "ema_50_distance"
  ]
}