{
  "pair": "AUDCHF",
  "timeframe": "15m",
  "model_type": "random_forest",
  "version": "v2",
  "saved_at": "2026-07-23T03:30:41+00:00",
  "metrics": {
    "accuracy": 0.46206896551724136,
    "precision": 0.26063829787234044,
    "recall": 0.7424242424242424,
    "f1": 0.3858267716535433,
    "roc_auc": 0.566490800865801,
    "threshold": 0.32,
    "training_bars": 1930,
    "n_features_selected": 27,
    "cv_accuracy_mean": 0.49230769230769234,
    "cv_accuracy_std": 0.12297222129440166,
    "cv_precision_mean": 0.3313679207477579,
    "cv_precision_std": 0.046066901916381194,
    "cv_recall_mean": 0.5829682277357155,
    "cv_recall_std": 0.2899286370763373,
    "cv_f1_mean": 0.3938471272134686,
    "cv_f1_std": 0.09157379223080757,
    "cv_roc_auc_mean": 0.5590597676476236,
    "cv_roc_auc_std": 0.08897660158942358
  },
  "model_path": "D:\\Projects\\forex\\memory\\ml_models\\AUDCHF_15m\\random_forest_v2.pkl",
  "is_keras": false,
  "feature_names": [
    "candle_body",
    "candle_range",
    "candle_body_ratio",
    "change_3",
    "change_5",
    "change_10",
    "change_20",
    "high_5",
    "low_5",
    "range_5_pips",
    "high_20",
    "low_20",
    "range_20_pips",
    "high_50",
    "low_50",
    "range_50_pips",
    "rsi_7",
    "rsi_14",
    "rsi_21",
    "macd",
    "macd_signal",
    "macd_diff",
    "atr",
    "atr_percentage",
    "volume_ratio",
    "ema_20_distance",
    "ema_50_distance"
  ]
}