{
  "pair": "AUDCHF",
  "timeframe": "15m",
  "model_type": "random_forest",
  "version": "v3",
  "saved_at": "2026-07-23T04:32:49+00:00",
  "metrics": {
    "accuracy": 0.4689655172413793,
    "precision": 0.4860557768924303,
    "recall": 0.8299319727891157,
    "f1": 0.6130653266331658,
    "roc_auc": 0.4836116264687693,
    "threshold": 0.3,
    "training_bars": 1929,
    "n_features_selected": 28,
    "cv_accuracy_mean": 0.5575091575091575,
    "cv_accuracy_std": 0.0627817883827943,
    "cv_precision_mean": 0.5947096042718163,
    "cv_precision_std": 0.166212401272587,
    "cv_recall_mean": 0.30064349544727453,
    "cv_recall_std": 0.21137938348703894,
    "cv_f1_mean": 0.34224329964041117,
    "cv_f1_std": 0.16274452406239634,
    "cv_roc_auc_mean": 0.5840777437468206,
    "cv_roc_auc_std": 0.11925029248719524
  },
  "model_path": "AUDCHF_15m/random_forest_v3.pkl",
  "is_keras": false,
  "feature_names": [
    "candle_body",
    "candle_range",
    "candle_upper_wick",
    "candle_lower_wick",
    "change_3",
    "change_5",
    "change_10",
    "high_5",
    "low_5",
    "range_5_pips",
    "high_20",
    "low_20",
    "range_20_pips",
    "high_50",
    "low_50",
    "range_50_pips",
    "rsi_7",
    "rsi_14",
    "rsi_21",
    "macd",
    "macd_signal",
    "macd_diff",
    "atr",
    "atr_percentage",
    "volume_ratio",
    "ema_9_distance",
    "ema_20_distance",
    "ema_50_distance"
  ]
}