{
  "pair": "AUDCHF",
  "timeframe": "15m",
  "model_type": "xgboost",
  "version": "v3",
  "saved_at": "2026-07-23T04:32:49+00:00",
  "metrics": {
    "accuracy": 0.5241379310344828,
    "precision": 0.5302013422818792,
    "recall": 0.5374149659863946,
    "f1": 0.5337837837837838,
    "roc_auc": 0.5622234907949194,
    "threshold": 0.34,
    "training_bars": 1929,
    "n_features_selected": 28,
    "cv_accuracy_mean": 0.547985347985348,
    "cv_accuracy_std": 0.05696412359353483,
    "cv_precision_mean": 0.5566887838808665,
    "cv_precision_std": 0.12120743465592618,
    "cv_recall_mean": 0.3123902193306263,
    "cv_recall_std": 0.13911722238198415,
    "cv_f1_mean": 0.36771523998020783,
    "cv_f1_std": 0.09313865504010149,
    "cv_roc_auc_mean": 0.5902015792951698,
    "cv_roc_auc_std": 0.09267467971453401
  },
  "model_path": "AUDCHF_15m/xgboost_v3.pkl",
  "is_keras": false,
  "feature_names": [
    "candle_body",
    "candle_range",
    "candle_upper_wick",
    "candle_lower_wick",
    "change_3",
    "change_5",
    "change_10",
    "high_5",
    "low_5",
    "range_5_pips",
    "high_20",
    "low_20",
    "range_20_pips",
    "high_50",
    "low_50",
    "range_50_pips",
    "rsi_7",
    "rsi_14",
    "rsi_21",
    "macd",
    "macd_signal",
    "macd_diff",
    "atr",
    "atr_percentage",
    "volume_ratio",
    "ema_9_distance",
    "ema_20_distance",
    "ema_50_distance"
  ]
}