{
  "pair": "AUDCHF",
  "timeframe": "15m",
  "model_type": "xgboost",
  "version": "v2",
  "saved_at": "2026-07-23T03:30:41+00:00",
  "metrics": {
    "accuracy": 0.39655172413793105,
    "precision": 0.18857142857142858,
    "recall": 0.5,
    "f1": 0.27385892116182575,
    "roc_auc": 0.4094291125541126,
    "threshold": 0.3,
    "training_bars": 1930,
    "n_features_selected": 27,
    "cv_accuracy_mean": 0.5128205128205128,
    "cv_accuracy_std": 0.10326812271848305,
    "cv_precision_mean": 0.3415780434235568,
    "cv_precision_std": 0.08469884918242178,
    "cv_recall_mean": 0.48754983276620256,
    "cv_recall_std": 0.20705193885162929,
    "cv_f1_mean": 0.368426087328627,
    "cv_f1_std": 0.06674674116804051,
    "cv_roc_auc_mean": 0.5116029070881496,
    "cv_roc_auc_std": 0.03747355552966114
  },
  "model_path": "D:\\Projects\\forex\\memory\\ml_models\\AUDCHF_15m\\xgboost_v2.pkl",
  "is_keras": false,
  "feature_names": [
    "candle_body",
    "candle_range",
    "candle_body_ratio",
    "change_3",
    "change_5",
    "change_10",
    "change_20",
    "high_5",
    "low_5",
    "range_5_pips",
    "high_20",
    "low_20",
    "range_20_pips",
    "high_50",
    "low_50",
    "range_50_pips",
    "rsi_7",
    "rsi_14",
    "rsi_21",
    "macd",
    "macd_signal",
    "macd_diff",
    "atr",
    "atr_percentage",
    "volume_ratio",
    "ema_20_distance",
    "ema_50_distance"
  ]
}