{
  "pair": "USDCHF",
  "timeframe": "15m",
  "model_type": "random_forest",
  "version": "v2",
  "saved_at": "2026-07-23T05:02:35+00:00",
  "metrics": {
    "accuracy": 0.6551724137931034,
    "precision": 0.5760869565217391,
    "recall": 0.4649122807017544,
    "f1": 0.5145631067961165,
    "roc_auc": 0.6535087719298246,
    "threshold": 0.32,
    "training_bars": 1929,
    "n_features_selected": 27,
    "cv_accuracy_mean": 0.5333333333333333,
    "cv_accuracy_std": 0.03921980604930159,
    "cv_precision_mean": 0.5193346352154428,
    "cv_precision_std": 0.03863946719747862,
    "cv_recall_mean": 0.5468031952102399,
    "cv_recall_std": 0.2843577471606439,
    "cv_f1_mean": 0.5004494568388514,
    "cv_f1_std": 0.1633910939924999,
    "cv_roc_auc_mean": 0.5323408802264691,
    "cv_roc_auc_std": 0.051500604558241445
  },
  "model_path": "USDCHF_15m/random_forest_v2.pkl",
  "is_keras": false,
  "feature_names": [
    "candle_body_ratio",
    "candle_upper_wick",
    "candle_lower_wick",
    "change_1",
    "change_3",
    "change_5",
    "change_10",
    "high_5",
    "low_5",
    "range_5_pips",
    "high_20",
    "low_20",
    "range_20_pips",
    "high_50",
    "low_50",
    "range_50_pips",
    "rsi_7",
    "rsi_14",
    "rsi_21",
    "macd",
    "macd_signal",
    "macd_diff",
    "atr",
    "atr_percentage",
    "volume_ratio",
    "ema_20_distance",
    "ema_50_distance"
  ]
}