{
  "pair": "USDCHF",
  "timeframe": "15m",
  "model_type": "xgboost",
  "version": "v2",
  "saved_at": "2026-07-23T05:02:34+00:00",
  "metrics": {
    "accuracy": 0.6586206896551724,
    "precision": 0.5789473684210527,
    "recall": 0.4824561403508772,
    "f1": 0.5263157894736842,
    "roc_auc": 0.6493969298245614,
    "threshold": 0.36,
    "training_bars": 1929,
    "n_features_selected": 27,
    "cv_accuracy_mean": 0.5428571428571429,
    "cv_accuracy_std": 0.05370518039006961,
    "cv_precision_mean": 0.5167332601264822,
    "cv_precision_std": 0.0555511315089491,
    "cv_recall_mean": 0.5654418472005356,
    "cv_recall_std": 0.29628740067394255,
    "cv_f1_mean": 0.5122480464176578,
    "cv_f1_std": 0.17718902204063844,
    "cv_roc_auc_mean": 0.547481298716191,
    "cv_roc_auc_std": 0.07605591125650206
  },
  "model_path": "USDCHF_15m/xgboost_v2.pkl",
  "is_keras": false,
  "feature_names": [
    "candle_body_ratio",
    "candle_upper_wick",
    "candle_lower_wick",
    "change_1",
    "change_3",
    "change_5",
    "change_10",
    "high_5",
    "low_5",
    "range_5_pips",
    "high_20",
    "low_20",
    "range_20_pips",
    "high_50",
    "low_50",
    "range_50_pips",
    "rsi_7",
    "rsi_14",
    "rsi_21",
    "macd",
    "macd_signal",
    "macd_diff",
    "atr",
    "atr_percentage",
    "volume_ratio",
    "ema_20_distance",
    "ema_50_distance"
  ]
}