{
  "pair": "USDCAD",
  "timeframe": "15m",
  "model_type": "random_forest",
  "version": "v6",
  "saved_at": "2026-07-23T05:01:12+00:00",
  "metrics": {
    "accuracy": 0.5689655172413793,
    "precision": 0.48717948717948717,
    "recall": 0.7916666666666666,
    "f1": 0.6031746031746031,
    "roc_auc": 0.6196323529411765,
    "threshold": 0.3,
    "training_bars": 1929,
    "n_features_selected": 28,
    "cv_accuracy_mean": 0.4703296703296703,
    "cv_accuracy_std": 0.03555944644545525,
    "cv_precision_mean": 0.40899045364044306,
    "cv_precision_std": 0.07137622254829498,
    "cv_recall_mean": 0.500202456563249,
    "cv_recall_std": 0.20296937063189852,
    "cv_f1_mean": 0.41494005726823946,
    "cv_f1_std": 0.10638100534090876,
    "cv_roc_auc_mean": 0.49649072210216233,
    "cv_roc_auc_std": 0.03701927088324113
  },
  "model_path": "USDCAD_15m/random_forest_v6.pkl",
  "is_keras": false,
  "feature_names": [
    "candle_range",
    "candle_body_ratio",
    "change_1",
    "change_3",
    "change_5",
    "change_10",
    "change_20",
    "high_5",
    "low_5",
    "range_5_pips",
    "high_20",
    "low_20",
    "range_20_pips",
    "high_50",
    "low_50",
    "range_50_pips",
    "rsi_7",
    "rsi_14",
    "rsi_21",
    "macd_signal",
    "macd_diff",
    "atr",
    "atr_percentage",
    "volume_ratio",
    "ema_9_distance",
    "ema_20_distance",
    "ema_50_distance",
    "hour_utc"
  ]
}