{
  "pair": "USDCAD",
  "timeframe": "15m",
  "model_type": "xgboost",
  "version": "v5",
  "saved_at": "2026-07-23T05:01:12+00:00",
  "metrics": {
    "accuracy": 0.3793103448275862,
    "precision": 0.33146067415730335,
    "recall": 0.49166666666666664,
    "f1": 0.3959731543624161,
    "roc_auc": 0.385906862745098,
    "threshold": 0.38,
    "training_bars": 1929,
    "n_features_selected": 28,
    "cv_accuracy_mean": 0.49010989010989015,
    "cv_accuracy_std": 0.08560463855037853,
    "cv_precision_mean": 0.3448149798463344,
    "cv_precision_std": 0.2068036307654893,
    "cv_recall_mean": 0.4957308072532264,
    "cv_recall_std": 0.28833933716883103,
    "cv_f1_mean": 0.3909698492612456,
    "cv_f1_std": 0.21538299703339622,
    "cv_roc_auc_mean": 0.5211570991000245,
    "cv_roc_auc_std": 0.10181146704364842
  },
  "model_path": "USDCAD_15m/xgboost_v5.pkl",
  "is_keras": false,
  "feature_names": [
    "candle_range",
    "candle_body_ratio",
    "change_1",
    "change_3",
    "change_5",
    "change_10",
    "change_20",
    "high_5",
    "low_5",
    "range_5_pips",
    "high_20",
    "low_20",
    "range_20_pips",
    "high_50",
    "low_50",
    "range_50_pips",
    "rsi_7",
    "rsi_14",
    "rsi_21",
    "macd_signal",
    "macd_diff",
    "atr",
    "atr_percentage",
    "volume_ratio",
    "ema_9_distance",
    "ema_20_distance",
    "ema_50_distance",
    "hour_utc"
  ]
}