{
  "pair": "NZDJPY",
  "timeframe": "15m",
  "model_type": "random_forest",
  "version": "v2",
  "saved_at": "2026-07-23T04:56:53+00:00",
  "metrics": {
    "accuracy": 0.4827586206896552,
    "precision": 0.44534412955465585,
    "recall": 0.8943089430894309,
    "f1": 0.5945945945945946,
    "roc_auc": 0.46881846063969623,
    "threshold": 0.38,
    "training_bars": 1930,
    "n_features_selected": 28,
    "cv_accuracy_mean": 0.5626373626373626,
    "cv_accuracy_std": 0.04807334715464592,
    "cv_precision_mean": 0.5576843884180616,
    "cv_precision_std": 0.09604533546066493,
    "cv_recall_mean": 0.3386364121421359,
    "cv_recall_std": 0.1575977240541548,
    "cv_f1_mean": 0.4023747491041588,
    "cv_f1_std": 0.13086731258239193,
    "cv_roc_auc_mean": 0.5672695964095693,
    "cv_roc_auc_std": 0.10389421158816536
  },
  "model_path": "NZDJPY_15m/random_forest_v2.pkl",
  "is_keras": false,
  "feature_names": [
    "candle_range",
    "candle_body_ratio",
    "candle_upper_wick",
    "change_1",
    "change_5",
    "change_10",
    "change_20",
    "high_5",
    "low_5",
    "range_5_pips",
    "high_20",
    "low_20",
    "range_20_pips",
    "high_50",
    "low_50",
    "range_50_pips",
    "rsi_7",
    "rsi_14",
    "macd",
    "macd_signal",
    "macd_diff",
    "atr",
    "atr_percentage",
    "volume_ratio",
    "ema_9_distance",
    "ema_20_distance",
    "ema_50_distance",
    "ema_bearish_alignment"
  ]
}