{
  "pair": "NZDJPY",
  "timeframe": "15m",
  "model_type": "xgboost",
  "version": "v2",
  "saved_at": "2026-07-23T04:56:53+00:00",
  "metrics": {
    "accuracy": 0.4862068965517241,
    "precision": 0.44921875,
    "recall": 0.9349593495934959,
    "f1": 0.6068601583113457,
    "roc_auc": 0.5290151404508057,
    "threshold": 0.32,
    "training_bars": 1930,
    "n_features_selected": 28,
    "cv_accuracy_mean": 0.5472527472527473,
    "cv_accuracy_std": 0.04193139346887675,
    "cv_precision_mean": 0.5287859165194966,
    "cv_precision_std": 0.09836555295965416,
    "cv_recall_mean": 0.45462315786952096,
    "cv_recall_std": 0.22701340143541515,
    "cv_f1_mean": 0.4591454260428538,
    "cv_f1_std": 0.12849624708289806,
    "cv_roc_auc_mean": 0.5682249978517799,
    "cv_roc_auc_std": 0.07836193610996783
  },
  "model_path": "NZDJPY_15m/xgboost_v2.pkl",
  "is_keras": false,
  "feature_names": [
    "candle_range",
    "candle_body_ratio",
    "candle_upper_wick",
    "change_1",
    "change_5",
    "change_10",
    "change_20",
    "high_5",
    "low_5",
    "range_5_pips",
    "high_20",
    "low_20",
    "range_20_pips",
    "high_50",
    "low_50",
    "range_50_pips",
    "rsi_7",
    "rsi_14",
    "macd",
    "macd_signal",
    "macd_diff",
    "atr",
    "atr_percentage",
    "volume_ratio",
    "ema_9_distance",
    "ema_20_distance",
    "ema_50_distance",
    "ema_bearish_alignment"
  ]
}