{
  "pair": "GBPNZD",
  "timeframe": "15m",
  "model_type": "random_forest",
  "version": "v2",
  "saved_at": "2026-07-23T04:51:39+00:00",
  "metrics": {
    "accuracy": 0.5413793103448276,
    "precision": 0.5444015444015444,
    "recall": 0.9038461538461539,
    "f1": 0.6795180722891566,
    "roc_auc": 0.6659491006505931,
    "threshold": 0.34,
    "training_bars": 1929,
    "n_features_selected": 27,
    "cv_accuracy_mean": 0.547985347985348,
    "cv_accuracy_std": 0.07021510815827244,
    "cv_precision_mean": 0.5616711541527608,
    "cv_precision_std": 0.21986738225815664,
    "cv_recall_mean": 0.46076987043789763,
    "cv_recall_std": 0.23715595077705914,
    "cv_f1_mean": 0.43140987733352426,
    "cv_f1_std": 0.12442557125913506,
    "cv_roc_auc_mean": 0.597533968191267,
    "cv_roc_auc_std": 0.051331312335627446
  },
  "model_path": "GBPNZD_15m/random_forest_v2.pkl",
  "is_keras": false,
  "feature_names": [
    "candle_range",
    "change_1",
    "change_3",
    "change_5",
    "change_10",
    "change_20",
    "high_5",
    "low_5",
    "range_5_pips",
    "high_20",
    "low_20",
    "range_20_pips",
    "high_50",
    "low_50",
    "range_50_pips",
    "rsi_7",
    "rsi_14",
    "rsi_21",
    "macd",
    "macd_signal",
    "macd_diff",
    "atr",
    "atr_percentage",
    "volume_ratio",
    "ema_9_distance",
    "ema_20_distance",
    "ema_50_distance"
  ]
}