{
  "pair": "GBPNZD",
  "timeframe": "15m",
  "model_type": "xgboost",
  "version": "v2",
  "saved_at": "2026-07-23T04:51:39+00:00",
  "metrics": {
    "accuracy": 0.5379310344827586,
    "precision": 0.5379310344827586,
    "recall": 1.0,
    "f1": 0.6995515695067265,
    "roc_auc": 0.633467278989667,
    "threshold": 0.3,
    "training_bars": 1929,
    "n_features_selected": 27,
    "cv_accuracy_mean": 0.5765567765567765,
    "cv_accuracy_std": 0.04912250436407387,
    "cv_precision_mean": 0.5469034598852726,
    "cv_precision_std": 0.1520456481538794,
    "cv_recall_mean": 0.5061149982850779,
    "cv_recall_std": 0.1431200569807754,
    "cv_f1_mean": 0.49162038997817037,
    "cv_f1_std": 0.07506629129955018,
    "cv_roc_auc_mean": 0.5993825141859969,
    "cv_roc_auc_std": 0.036693151406234935
  },
  "model_path": "GBPNZD_15m/xgboost_v2.pkl",
  "is_keras": false,
  "feature_names": [
    "candle_range",
    "change_1",
    "change_3",
    "change_5",
    "change_10",
    "change_20",
    "high_5",
    "low_5",
    "range_5_pips",
    "high_20",
    "low_20",
    "range_20_pips",
    "high_50",
    "low_50",
    "range_50_pips",
    "rsi_7",
    "rsi_14",
    "rsi_21",
    "macd",
    "macd_signal",
    "macd_diff",
    "atr",
    "atr_percentage",
    "volume_ratio",
    "ema_9_distance",
    "ema_20_distance",
    "ema_50_distance"
  ]
}