{
  "pair": "AUDNZD",
  "timeframe": "15m",
  "model_type": "random_forest",
  "version": "v2",
  "saved_at": "2026-07-23T03:32:38+00:00",
  "metrics": {
    "accuracy": 0.7827586206896552,
    "precision": 0.7961538461538461,
    "recall": 0.9539170506912442,
    "f1": 0.8679245283018868,
    "roc_auc": 0.6094312227763399,
    "threshold": 0.64,
    "training_bars": 1930,
    "n_features_selected": 27,
    "cv_accuracy_mean": 0.5377289377289377,
    "cv_accuracy_std": 0.1668883121456671,
    "cv_precision_mean": 0.7808314359413627,
    "cv_precision_std": 0.12997405129455117,
    "cv_recall_mean": 0.4995472018617587,
    "cv_recall_std": 0.33100821982605605,
    "cv_f1_mean": 0.5441510937102965,
    "cv_f1_std": 0.29357807510261147,
    "cv_roc_auc_mean": 0.5790756286289411,
    "cv_roc_auc_std": 0.09214870749640203
  },
  "model_path": "D:\\Projects\\forex\\memory\\ml_models\\AUDNZD_15m\\random_forest_v2.pkl",
  "is_keras": false,
  "feature_names": [
    "candle_body",
    "candle_body_ratio",
    "change_1",
    "change_3",
    "change_5",
    "change_10",
    "change_20",
    "high_5",
    "low_5",
    "range_5_pips",
    "high_20",
    "low_20",
    "range_20_pips",
    "high_50",
    "low_50",
    "range_50_pips",
    "rsi_7",
    "rsi_14",
    "rsi_21",
    "macd",
    "macd_signal",
    "macd_diff",
    "atr",
    "atr_percentage",
    "volume_ratio",
    "ema_20_distance",
    "ema_50_distance"
  ]
}