{
  "pair": "AUDNZD",
  "timeframe": "15m",
  "model_type": "random_forest",
  "version": "v3",
  "saved_at": "2026-07-23T04:34:58+00:00",
  "metrics": {
    "accuracy": 0.5655172413793104,
    "precision": 0.5967741935483871,
    "recall": 0.6851851851851852,
    "f1": 0.6379310344827587,
    "roc_auc": 0.5474054783950618,
    "threshold": 0.3,
    "training_bars": 1930,
    "n_features_selected": 28,
    "cv_accuracy_mean": 0.5824175824175825,
    "cv_accuracy_std": 0.0656485474497285,
    "cv_precision_mean": 0.5371980442585141,
    "cv_precision_std": 0.12962975733836296,
    "cv_recall_mean": 0.5063095826546061,
    "cv_recall_std": 0.19165670280860572,
    "cv_f1_mean": 0.4712267008384132,
    "cv_f1_std": 0.1110899079490654,
    "cv_roc_auc_mean": 0.5948998708497598,
    "cv_roc_auc_std": 0.07985057276714165
  },
  "model_path": "AUDNZD_15m/random_forest_v3.pkl",
  "is_keras": false,
  "feature_names": [
    "candle_body",
    "candle_range",
    "candle_upper_wick",
    "candle_lower_wick",
    "change_3",
    "change_5",
    "change_10",
    "change_20",
    "high_5",
    "low_5",
    "range_5_pips",
    "high_20",
    "low_20",
    "range_20_pips",
    "high_50",
    "low_50",
    "range_50_pips",
    "rsi_7",
    "rsi_14",
    "rsi_21",
    "macd",
    "macd_signal",
    "macd_diff",
    "atr",
    "atr_percentage",
    "volume_ratio",
    "ema_9_distance",
    "ema_50_distance"
  ]
}