{
  "pair": "AUDNZD",
  "timeframe": "15m",
  "model_type": "xgboost",
  "version": "v2",
  "saved_at": "2026-07-23T03:32:38+00:00",
  "metrics": {
    "accuracy": 0.7620689655172413,
    "precision": 0.7761194029850746,
    "recall": 0.9585253456221198,
    "f1": 0.8577319587628865,
    "roc_auc": 0.6098099867432611,
    "threshold": 0.68,
    "training_bars": 1930,
    "n_features_selected": 27,
    "cv_accuracy_mean": 0.5245421245421246,
    "cv_accuracy_std": 0.1472217633650458,
    "cv_precision_mean": 0.7594602257007665,
    "cv_precision_std": 0.1254223712059364,
    "cv_recall_mean": 0.514394750017809,
    "cv_recall_std": 0.25978135871361313,
    "cv_f1_mean": 0.574366332674899,
    "cv_f1_std": 0.2365357992261638,
    "cv_roc_auc_mean": 0.5514260461919724,
    "cv_roc_auc_std": 0.0800968934693911
  },
  "model_path": "D:\\Projects\\forex\\memory\\ml_models\\AUDNZD_15m\\xgboost_v2.pkl",
  "is_keras": false,
  "feature_names": [
    "candle_body",
    "candle_body_ratio",
    "change_1",
    "change_3",
    "change_5",
    "change_10",
    "change_20",
    "high_5",
    "low_5",
    "range_5_pips",
    "high_20",
    "low_20",
    "range_20_pips",
    "high_50",
    "low_50",
    "range_50_pips",
    "rsi_7",
    "rsi_14",
    "rsi_21",
    "macd",
    "macd_signal",
    "macd_diff",
    "atr",
    "atr_percentage",
    "volume_ratio",
    "ema_20_distance",
    "ema_50_distance"
  ]
}