{
  "pair": "AUDNZD",
  "timeframe": "15m",
  "model_type": "xgboost",
  "version": "v3",
  "saved_at": "2026-07-23T04:34:58+00:00",
  "metrics": {
    "accuracy": 0.5172413793103449,
    "precision": 0.5611111111111111,
    "recall": 0.6234567901234568,
    "f1": 0.5906432748538012,
    "roc_auc": 0.4651089891975309,
    "threshold": 0.3,
    "training_bars": 1930,
    "n_features_selected": 28,
    "cv_accuracy_mean": 0.5904761904761905,
    "cv_accuracy_std": 0.031029770819849613,
    "cv_precision_mean": 0.5354351401747536,
    "cv_precision_std": 0.09800181847717493,
    "cv_recall_mean": 0.3897501618852975,
    "cv_recall_std": 0.19662793240569668,
    "cv_f1_mean": 0.39581962849528357,
    "cv_f1_std": 0.16334478274331493,
    "cv_roc_auc_mean": 0.5694519027215599,
    "cv_roc_auc_std": 0.06111219578457418
  },
  "model_path": "AUDNZD_15m/xgboost_v3.pkl",
  "is_keras": false,
  "feature_names": [
    "candle_body",
    "candle_range",
    "candle_upper_wick",
    "candle_lower_wick",
    "change_3",
    "change_5",
    "change_10",
    "change_20",
    "high_5",
    "low_5",
    "range_5_pips",
    "high_20",
    "low_20",
    "range_20_pips",
    "high_50",
    "low_50",
    "range_50_pips",
    "rsi_7",
    "rsi_14",
    "rsi_21",
    "macd",
    "macd_signal",
    "macd_diff",
    "atr",
    "atr_percentage",
    "volume_ratio",
    "ema_9_distance",
    "ema_50_distance"
  ]
}