{
  "pair": "AUDUSD",
  "timeframe": "15m",
  "model_type": "random_forest",
  "version": "v7",
  "saved_at": "2026-07-23T04:36:38+00:00",
  "metrics": {
    "accuracy": 0.496551724137931,
    "precision": 0.47953216374269003,
    "recall": 0.5899280575539568,
    "f1": 0.5290322580645161,
    "roc_auc": 0.5073609986183238,
    "threshold": 0.38,
    "training_bars": 1929,
    "n_features_selected": 27,
    "cv_accuracy_mean": 0.5787545787545787,
    "cv_accuracy_std": 0.07524776038159023,
    "cv_precision_mean": 0.4041398496099851,
    "cv_precision_std": 0.2130811763561391,
    "cv_recall_mean": 0.42724616899882256,
    "cv_recall_std": 0.27757138624249134,
    "cv_f1_mean": 0.4070233297031973,
    "cv_f1_std": 0.2340256264347677,
    "cv_roc_auc_mean": 0.5887959061771927,
    "cv_roc_auc_std": 0.09677459030945264
  },
  "model_path": "AUDUSD_15m/random_forest_v7.pkl",
  "is_keras": false,
  "feature_names": [
    "candle_range",
    "candle_upper_wick",
    "change_3",
    "change_5",
    "change_10",
    "change_20",
    "high_5",
    "low_5",
    "range_5_pips",
    "high_20",
    "low_20",
    "range_20_pips",
    "high_50",
    "low_50",
    "range_50_pips",
    "rsi_7",
    "rsi_14",
    "rsi_21",
    "macd",
    "macd_signal",
    "macd_diff",
    "atr",
    "atr_percentage",
    "volume_ratio",
    "ema_9_distance",
    "ema_20_distance",
    "ema_50_distance"
  ]
}