{
  "pair": "AUDUSD",
  "timeframe": "15m",
  "model_type": "random_forest",
  "version": "v6",
  "saved_at": "2026-07-23T03:35:02+00:00",
  "metrics": {
    "accuracy": 0.5827586206896552,
    "precision": 0.0625,
    "recall": 0.021505376344086023,
    "f1": 0.032,
    "roc_auc": 0.41662573003657005,
    "threshold": 0.3,
    "training_bars": 1930,
    "n_features_selected": 26,
    "cv_accuracy_mean": 0.5684981684981685,
    "cv_accuracy_std": 0.1176594181479048,
    "cv_precision_mean": 0.429030665454649,
    "cv_precision_std": 0.18005363479537045,
    "cv_recall_mean": 0.5137593965606013,
    "cv_recall_std": 0.2868183193031287,
    "cv_f1_mean": 0.3686820445414224,
    "cv_f1_std": 0.08921580149623297,
    "cv_roc_auc_mean": 0.5528423656275032,
    "cv_roc_auc_std": 0.05628593379470483
  },
  "model_path": "D:\\Projects\\forex\\memory\\ml_models\\AUDUSD_15m\\random_forest_v6.pkl",
  "is_keras": false,
  "feature_names": [
    "candle_body",
    "candle_body_ratio",
    "candle_upper_wick",
    "candle_lower_wick",
    "change_3",
    "change_5",
    "change_10",
    "change_20",
    "high_5",
    "low_5",
    "range_5_pips",
    "high_20",
    "low_20",
    "range_20_pips",
    "high_50",
    "low_50",
    "range_50_pips",
    "rsi_7",
    "rsi_14",
    "rsi_21",
    "macd",
    "macd_signal",
    "atr",
    "atr_percentage",
    "ema_20_distance",
    "ema_50_distance"
  ]
}