{
  "pair": "AUDUSD",
  "timeframe": "15m",
  "model_type": "xgboost",
  "version": "v6",
  "saved_at": "2026-07-23T04:36:38+00:00",
  "metrics": {
    "accuracy": 0.5275862068965518,
    "precision": 0.5055555555555555,
    "recall": 0.6546762589928058,
    "f1": 0.5705329153605015,
    "roc_auc": 0.5172709514507599,
    "threshold": 0.38,
    "training_bars": 1929,
    "n_features_selected": 27,
    "cv_accuracy_mean": 0.5846153846153845,
    "cv_accuracy_std": 0.054459392058742256,
    "cv_precision_mean": 0.4200850340136054,
    "cv_precision_std": 0.21500957805238452,
    "cv_recall_mean": 0.47521837163934516,
    "cv_recall_std": 0.3023206827968043,
    "cv_f1_mean": 0.4310703701408382,
    "cv_f1_std": 0.23326927601516617,
    "cv_roc_auc_mean": 0.6168294195468528,
    "cv_roc_auc_std": 0.08490601757147541
  },
  "model_path": "AUDUSD_15m/xgboost_v6.pkl",
  "is_keras": false,
  "feature_names": [
    "candle_range",
    "candle_upper_wick",
    "change_3",
    "change_5",
    "change_10",
    "change_20",
    "high_5",
    "low_5",
    "range_5_pips",
    "high_20",
    "low_20",
    "range_20_pips",
    "high_50",
    "low_50",
    "range_50_pips",
    "rsi_7",
    "rsi_14",
    "rsi_21",
    "macd",
    "macd_signal",
    "macd_diff",
    "atr",
    "atr_percentage",
    "volume_ratio",
    "ema_9_distance",
    "ema_20_distance",
    "ema_50_distance"
  ]
}