{
  "pair": "MXNJPY",
  "timeframe": "15m",
  "model_type": "random_forest",
  "version": "v2",
  "saved_at": "2026-07-23T04:54:48+00:00",
  "metrics": {
    "accuracy": 0.5206896551724138,
    "precision": 0.6744186046511628,
    "recall": 0.47282608695652173,
    "f1": 0.5559105431309904,
    "roc_auc": 0.5737284659557014,
    "threshold": 0.36,
    "training_bars": 1929,
    "n_features_selected": 26,
    "cv_accuracy_mean": 0.512087912087912,
    "cv_accuracy_std": 0.044102320712944794,
    "cv_precision_mean": 0.36285900628829293,
    "cv_precision_std": 0.07176642842194175,
    "cv_recall_mean": 0.2796336779211507,
    "cv_recall_std": 0.17986551663842038,
    "cv_f1_mean": 0.2865474450603044,
    "cv_f1_std": 0.1408255223690448,
    "cv_roc_auc_mean": 0.49895149995595867,
    "cv_roc_auc_std": 0.04837256072269515
  },
  "model_path": "MXNJPY_15m/random_forest_v2.pkl",
  "is_keras": false,
  "feature_names": [
    "candle_upper_wick",
    "change_1",
    "change_5",
    "change_10",
    "high_5",
    "low_5",
    "range_5_pips",
    "high_20",
    "low_20",
    "range_20_pips",
    "high_50",
    "low_50",
    "range_50_pips",
    "rsi_7",
    "rsi_14",
    "rsi_21",
    "macd",
    "macd_signal",
    "macd_diff",
    "atr",
    "atr_percentage",
    "volume_ratio",
    "ema_9_distance",
    "ema_20_distance",
    "ema_50_distance",
    "ema_bullish_alignment"
  ]
}