{
  "pair": "MXNJPY",
  "timeframe": "15m",
  "model_type": "xgboost",
  "version": "v2",
  "saved_at": "2026-07-23T04:54:47+00:00",
  "metrics": {
    "accuracy": 0.5620689655172414,
    "precision": 0.6212765957446809,
    "recall": 0.7934782608695652,
    "f1": 0.6968973747016707,
    "roc_auc": 0.5592955291222313,
    "threshold": 0.3,
    "training_bars": 1929,
    "n_features_selected": 26,
    "cv_accuracy_mean": 0.558974358974359,
    "cv_accuracy_std": 0.05794496683746576,
    "cv_precision_mean": 0.5082535001296344,
    "cv_precision_std": 0.2816381337363553,
    "cv_recall_mean": 0.41618673000287965,
    "cv_recall_std": 0.28914447598670695,
    "cv_f1_mean": 0.371333128994243,
    "cv_f1_std": 0.21289318595299,
    "cv_roc_auc_mean": 0.5599435463383976,
    "cv_roc_auc_std": 0.04211226700656987
  },
  "model_path": "MXNJPY_15m/xgboost_v2.pkl",
  "is_keras": false,
  "feature_names": [
    "candle_upper_wick",
    "change_1",
    "change_5",
    "change_10",
    "high_5",
    "low_5",
    "range_5_pips",
    "high_20",
    "low_20",
    "range_20_pips",
    "high_50",
    "low_50",
    "range_50_pips",
    "rsi_7",
    "rsi_14",
    "rsi_21",
    "macd",
    "macd_signal",
    "macd_diff",
    "atr",
    "atr_percentage",
    "volume_ratio",
    "ema_9_distance",
    "ema_20_distance",
    "ema_50_distance",
    "ema_bullish_alignment"
  ]
}