{
  "pair": "SGDJPY",
  "timeframe": "15m",
  "model_type": "random_forest",
  "version": "v2",
  "saved_at": "2026-07-23T04:59:39+00:00",
  "metrics": {
    "accuracy": 0.47586206896551725,
    "precision": 0.4666666666666667,
    "recall": 1.0,
    "f1": 0.6363636363636364,
    "roc_auc": 0.5479383171304056,
    "threshold": 0.46,
    "training_bars": 1930,
    "n_features_selected": 27,
    "cv_accuracy_mean": 0.5128205128205129,
    "cv_accuracy_std": 0.05272689879984347,
    "cv_precision_mean": 0.513682120348787,
    "cv_precision_std": 0.13438910710615773,
    "cv_recall_mean": 0.3024877583046874,
    "cv_recall_std": 0.19460784802363115,
    "cv_f1_mean": 0.30742474968078504,
    "cv_f1_std": 0.1405561625286565,
    "cv_roc_auc_mean": 0.5808529525402449,
    "cv_roc_auc_std": 0.015900134307310097
  },
  "model_path": "SGDJPY_15m/random_forest_v2.pkl",
  "is_keras": false,
  "feature_names": [
    "candle_body",
    "candle_upper_wick",
    "candle_lower_wick",
    "change_1",
    "change_3",
    "change_5",
    "change_20",
    "high_5",
    "low_5",
    "range_5_pips",
    "high_20",
    "low_20",
    "range_20_pips",
    "high_50",
    "low_50",
    "range_50_pips",
    "rsi_7",
    "rsi_14",
    "rsi_21",
    "macd",
    "macd_signal",
    "macd_diff",
    "atr",
    "volume_ratio",
    "ema_9_distance",
    "ema_20_distance",
    "ema_50_distance"
  ]
}