{
  "pair": "SGDJPY",
  "timeframe": "15m",
  "model_type": "xgboost",
  "version": "v2",
  "saved_at": "2026-07-23T04:59:39+00:00",
  "metrics": {
    "accuracy": 0.4586206896551724,
    "precision": 0.4586206896551724,
    "recall": 1.0,
    "f1": 0.6288416075650118,
    "roc_auc": 0.5301230783966285,
    "threshold": 0.3,
    "training_bars": 1930,
    "n_features_selected": 27,
    "cv_accuracy_mean": 0.5274725274725275,
    "cv_accuracy_std": 0.04456236285932764,
    "cv_precision_mean": 0.5265585865146376,
    "cv_precision_std": 0.15094253248857895,
    "cv_recall_mean": 0.37954384198478686,
    "cv_recall_std": 0.1781105199987005,
    "cv_f1_mean": 0.385583380922805,
    "cv_f1_std": 0.09004795886561047,
    "cv_roc_auc_mean": 0.5529468353979207,
    "cv_roc_auc_std": 0.04335994728601383
  },
  "model_path": "SGDJPY_15m/xgboost_v2.pkl",
  "is_keras": false,
  "feature_names": [
    "candle_body",
    "candle_upper_wick",
    "candle_lower_wick",
    "change_1",
    "change_3",
    "change_5",
    "change_20",
    "high_5",
    "low_5",
    "range_5_pips",
    "high_20",
    "low_20",
    "range_20_pips",
    "high_50",
    "low_50",
    "range_50_pips",
    "rsi_7",
    "rsi_14",
    "rsi_21",
    "macd",
    "macd_signal",
    "macd_diff",
    "atr",
    "volume_ratio",
    "ema_9_distance",
    "ema_20_distance",
    "ema_50_distance"
  ]
}