{
  "pair": "AUDJPY",
  "timeframe": "15m",
  "model_type": "random_forest",
  "version": "v5",
  "saved_at": "2026-07-21T06:38:06+00:00",
  "metrics": {
    "accuracy": 0.5045687987727606,
    "precision": 0.5503242853711265,
    "recall": 0.2919587103351599,
    "f1": 0.38151540383014154,
    "roc_auc": 0.523687900249849,
    "training_bars": 99949,
    "n_features_selected": 26,
    "cv_accuracy_mean": 0.5142736068931422,
    "cv_accuracy_std": 0.014945906615319924,
    "cv_precision_mean": 0.5397009845113679,
    "cv_precision_std": 0.021891096935756752,
    "cv_recall_mean": 0.3700030878522077,
    "cv_recall_std": 0.15717853289443326,
    "cv_f1_mean": 0.41654988647753266,
    "cv_f1_std": 0.12464760356761814,
    "cv_roc_auc_mean": 0.5291499277231084,
    "cv_roc_auc_std": 0.016398963695327003
  },
  "model_path": "D:\\Projects\\forex\\memory\\ml_models\\AUDJPY_15m\\random_forest_v5.pkl",
  "is_keras": false,
  "feature_names": [
    "price_open",
    "price_high",
    "price_low",
    "price_close",
    "price_volume",
    "candle_body",
    "candle_range",
    "candle_body_ratio",
    "candle_lower_wick",
    "change_3",
    "change_5",
    "change_10",
    "change_20",
    "high_5",
    "low_5",
    "range_5_pips",
    "high_20",
    "low_20",
    "range_20_pips",
    "high_50",
    "low_50",
    "range_50_pips",
    "rsi_7",
    "rsi_21",
    "volume_ratio",
    "hour_utc"
  ]
}