{
  "pair": "AUDJPY",
  "timeframe": "15m",
  "model_type": "random_forest",
  "version": "v7",
  "saved_at": "2026-07-23T04:33:46+00:00",
  "metrics": {
    "accuracy": 0.5413793103448276,
    "precision": 0.5413793103448276,
    "recall": 1.0,
    "f1": 0.7024608501118568,
    "roc_auc": 0.5018916718547962,
    "threshold": 0.3,
    "training_bars": 1930,
    "n_features_selected": 26,
    "cv_accuracy_mean": 0.5684981684981685,
    "cv_accuracy_std": 0.08109727969895768,
    "cv_precision_mean": 0.5342009035204633,
    "cv_precision_std": 0.17378140471171555,
    "cv_recall_mean": 0.23672938949332306,
    "cv_recall_std": 0.140062062093482,
    "cv_f1_mean": 0.317892203797056,
    "cv_f1_std": 0.15277160885549118,
    "cv_roc_auc_mean": 0.5376807389517835,
    "cv_roc_auc_std": 0.0687281450285793
  },
  "model_path": "AUDJPY_15m/random_forest_v7.pkl",
  "is_keras": false,
  "feature_names": [
    "candle_range",
    "candle_upper_wick",
    "change_3",
    "change_5",
    "change_10",
    "high_5",
    "low_5",
    "range_5_pips",
    "high_20",
    "low_20",
    "range_20_pips",
    "high_50",
    "low_50",
    "range_50_pips",
    "rsi_7",
    "rsi_14",
    "rsi_21",
    "macd",
    "macd_signal",
    "macd_diff",
    "atr",
    "atr_percentage",
    "volume_ratio",
    "ema_9_distance",
    "ema_20_distance",
    "ema_50_distance"
  ]
}