{
  "pair": "AUDJPY",
  "timeframe": "15m",
  "model_type": "random_forest",
  "version": "v4",
  "saved_at": "2026-07-21T05:50:27+00:00",
  "metrics": {
    "accuracy": 0.49296718017414604,
    "precision": 0.6733333333333333,
    "recall": 0.12484548825710753,
    "f1": 0.21063607924921793,
    "roc_auc": 0.5417452779042786,
    "training_bars": 9949,
    "n_features_selected": 25,
    "cv_accuracy_mean": 0.5090134847409511,
    "cv_accuracy_std": 0.034523201337702265,
    "cv_precision_mean": 0.5458205775565442,
    "cv_precision_std": 0.05379587303396536,
    "cv_recall_mean": 0.5477739998202338,
    "cv_recall_std": 0.23550340933336347,
    "cv_f1_mean": 0.4978611639100956,
    "cv_f1_std": 0.166220287702913,
    "cv_roc_auc_mean": 0.5426926450233728,
    "cv_roc_auc_std": 0.015127684299617679
  },
  "model_path": "D:\\Projects\\forex\\memory\\ml_models\\AUDJPY_15m\\random_forest_v4.pkl",
  "is_keras": false,
  "feature_names": [
    "price_open",
    "price_high",
    "price_low",
    "price_close",
    "price_volume",
    "candle_range",
    "candle_upper_wick",
    "candle_lower_wick",
    "change_1",
    "change_3",
    "change_5",
    "change_10",
    "change_20",
    "high_5",
    "low_5",
    "range_5_pips",
    "high_20",
    "low_20",
    "range_20_pips",
    "high_50",
    "low_50",
    "range_50_pips",
    "rsi_7",
    "rsi_21",
    "volume_ratio"
  ]
}