{
  "pair": "AUDJPY",
  "timeframe": "15m",
  "model_type": "random_forest",
  "version": "v6",
  "saved_at": "2026-07-23T03:31:37+00:00",
  "metrics": {
    "accuracy": 0.6793103448275862,
    "precision": 0.7307692307692307,
    "recall": 0.18095238095238095,
    "f1": 0.2900763358778626,
    "roc_auc": 0.5638095238095238,
    "threshold": 0.3,
    "training_bars": 1930,
    "n_features_selected": 26,
    "cv_accuracy_mean": 0.6102564102564102,
    "cv_accuracy_std": 0.1409680677874688,
    "cv_precision_mean": 0.2595128227243977,
    "cv_precision_std": 0.13242253905748982,
    "cv_recall_mean": 0.4612438312438313,
    "cv_recall_std": 0.36291508396017685,
    "cv_f1_mean": 0.3117018477148778,
    "cv_f1_std": 0.1892801999083192,
    "cv_roc_auc_mean": 0.6023773484848145,
    "cv_roc_auc_std": 0.07834550255926324
  },
  "model_path": "D:\\Projects\\forex\\memory\\ml_models\\AUDJPY_15m\\random_forest_v6.pkl",
  "is_keras": false,
  "feature_names": [
    "candle_body",
    "change_1",
    "change_3",
    "change_10",
    "change_20",
    "high_5",
    "low_5",
    "range_5_pips",
    "high_20",
    "low_20",
    "range_20_pips",
    "high_50",
    "low_50",
    "range_50_pips",
    "rsi_7",
    "rsi_14",
    "rsi_21",
    "macd",
    "macd_signal",
    "macd_diff",
    "atr",
    "atr_percentage",
    "volume_ratio",
    "ema_9_distance",
    "ema_20_distance",
    "ema_50_distance"
  ]
}