{
  "pair": "AUDJPY",
  "timeframe": "15m",
  "model_type": "xgboost",
  "version": "v7",
  "saved_at": "2026-07-23T04:33:46+00:00",
  "metrics": {
    "accuracy": 0.5413793103448276,
    "precision": 0.5413793103448276,
    "recall": 1.0,
    "f1": 0.7024608501118568,
    "roc_auc": 0.5814855610363489,
    "threshold": 0.3,
    "training_bars": 1930,
    "n_features_selected": 26,
    "cv_accuracy_mean": 0.5641025641025641,
    "cv_accuracy_std": 0.07988371911228706,
    "cv_precision_mean": 0.5100293426831092,
    "cv_precision_std": 0.1247595354563383,
    "cv_recall_mean": 0.3167854711163157,
    "cv_recall_std": 0.16771765379647122,
    "cv_f1_mean": 0.3757798939619238,
    "cv_f1_std": 0.14955093375660525,
    "cv_roc_auc_mean": 0.5508788629133277,
    "cv_roc_auc_std": 0.09011768445258302
  },
  "model_path": "AUDJPY_15m/xgboost_v7.pkl",
  "is_keras": false,
  "feature_names": [
    "candle_range",
    "candle_upper_wick",
    "change_3",
    "change_5",
    "change_10",
    "high_5",
    "low_5",
    "range_5_pips",
    "high_20",
    "low_20",
    "range_20_pips",
    "high_50",
    "low_50",
    "range_50_pips",
    "rsi_7",
    "rsi_14",
    "rsi_21",
    "macd",
    "macd_signal",
    "macd_diff",
    "atr",
    "atr_percentage",
    "volume_ratio",
    "ema_9_distance",
    "ema_20_distance",
    "ema_50_distance"
  ]
}