{
  "pair": "AUDJPY",
  "timeframe": "15m",
  "model_type": "xgboost",
  "version": "v5",
  "saved_at": "2026-07-21T06:38:06+00:00",
  "metrics": {
    "accuracy": 0.5115053691722804,
    "precision": 0.5494422386084326,
    "recall": 0.3703326111889894,
    "f1": 0.44244823386114496,
    "roc_auc": 0.5239461898138593,
    "training_bars": 99949,
    "n_features_selected": 26,
    "cv_accuracy_mean": 0.5166466558372766,
    "cv_accuracy_std": 0.012489218037753384,
    "cv_precision_mean": 0.549322106413695,
    "cv_precision_std": 0.032689866395313655,
    "cv_recall_mean": 0.3852460777324532,
    "cv_recall_std": 0.1740031891000339,
    "cv_f1_mean": 0.42349208339774824,
    "cv_f1_std": 0.13291463539937542,
    "cv_roc_auc_mean": 0.5346960451839848,
    "cv_roc_auc_std": 0.013759876081480086
  },
  "model_path": "D:\\Projects\\forex\\memory\\ml_models\\AUDJPY_15m\\xgboost_v5.pkl",
  "is_keras": false,
  "feature_names": [
    "price_open",
    "price_high",
    "price_low",
    "price_close",
    "price_volume",
    "candle_body",
    "candle_range",
    "candle_body_ratio",
    "candle_lower_wick",
    "change_3",
    "change_5",
    "change_10",
    "change_20",
    "high_5",
    "low_5",
    "range_5_pips",
    "high_20",
    "low_20",
    "range_20_pips",
    "high_50",
    "low_50",
    "range_50_pips",
    "rsi_7",
    "rsi_21",
    "volume_ratio",
    "hour_utc"
  ]
}