{
  "pair": "AUDJPY",
  "timeframe": "15m",
  "model_type": "xgboost",
  "version": "v6",
  "saved_at": "2026-07-23T03:31:37+00:00",
  "metrics": {
    "accuracy": 0.6413793103448275,
    "precision": 0.5135135135135135,
    "recall": 0.18095238095238095,
    "f1": 0.2676056338028169,
    "roc_auc": 0.5893951093951093,
    "threshold": 0.3,
    "training_bars": 1930,
    "n_features_selected": 26,
    "cv_accuracy_mean": 0.6117216117216117,
    "cv_accuracy_std": 0.11887561538688134,
    "cv_precision_mean": 0.2287669712249202,
    "cv_precision_std": 0.1306570839250679,
    "cv_recall_mean": 0.3734820134820135,
    "cv_recall_std": 0.32686508908698786,
    "cv_f1_mean": 0.2729587855470802,
    "cv_f1_std": 0.17798099546688595,
    "cv_roc_auc_mean": 0.6033072073716294,
    "cv_roc_auc_std": 0.0647612985697494
  },
  "model_path": "D:\\Projects\\forex\\memory\\ml_models\\AUDJPY_15m\\xgboost_v6.pkl",
  "is_keras": false,
  "feature_names": [
    "candle_body",
    "change_1",
    "change_3",
    "change_10",
    "change_20",
    "high_5",
    "low_5",
    "range_5_pips",
    "high_20",
    "low_20",
    "range_20_pips",
    "high_50",
    "low_50",
    "range_50_pips",
    "rsi_7",
    "rsi_14",
    "rsi_21",
    "macd",
    "macd_signal",
    "macd_diff",
    "atr",
    "atr_percentage",
    "volume_ratio",
    "ema_9_distance",
    "ema_20_distance",
    "ema_50_distance"
  ]
}