{
  "pair": "AUDJPY",
  "timeframe": "15m",
  "model_type": "xgboost",
  "version": "v4",
  "saved_at": "2026-07-21T05:50:27+00:00",
  "metrics": {
    "accuracy": 0.48292029470864034,
    "precision": 0.6209150326797386,
    "recall": 0.11742892459826947,
    "f1": 0.19750519750519752,
    "roc_auc": 0.545505967225439,
    "training_bars": 9949,
    "n_features_selected": 25,
    "cv_accuracy_mean": 0.5105748757984385,
    "cv_accuracy_std": 0.03924608910998652,
    "cv_precision_mean": 0.5472519004061489,
    "cv_precision_std": 0.04445084289866974,
    "cv_recall_mean": 0.4584576304127272,
    "cv_recall_std": 0.19538927724259075,
    "cv_f1_mean": 0.4603189582082628,
    "cv_f1_std": 0.1567101870948372,
    "cv_roc_auc_mean": 0.5280033417661408,
    "cv_roc_auc_std": 0.027397035365339915
  },
  "model_path": "D:\\Projects\\forex\\memory\\ml_models\\AUDJPY_15m\\xgboost_v4.pkl",
  "is_keras": false,
  "feature_names": [
    "price_open",
    "price_high",
    "price_low",
    "price_close",
    "price_volume",
    "candle_range",
    "candle_upper_wick",
    "candle_lower_wick",
    "change_1",
    "change_3",
    "change_5",
    "change_10",
    "change_20",
    "high_5",
    "low_5",
    "range_5_pips",
    "high_20",
    "low_20",
    "range_20_pips",
    "high_50",
    "low_50",
    "range_50_pips",
    "rsi_7",
    "rsi_21",
    "volume_ratio"
  ]
}