{
  "pair": "GBPCAD",
  "timeframe": "15m",
  "model_type": "random_forest",
  "version": "v2",
  "saved_at": "2026-07-23T04:48:41+00:00",
  "metrics": {
    "accuracy": 0.4862068965517241,
    "precision": 0.4862068965517241,
    "recall": 1.0,
    "f1": 0.654292343387471,
    "roc_auc": 0.5157789518777667,
    "threshold": 0.3,
    "training_bars": 1929,
    "n_features_selected": 26,
    "cv_accuracy_mean": 0.5069597069597069,
    "cv_accuracy_std": 0.06043845042825739,
    "cv_precision_mean": 0.40919179898584934,
    "cv_precision_std": 0.06052259429721616,
    "cv_recall_mean": 0.4840633276353604,
    "cv_recall_std": 0.15838446721609273,
    "cv_f1_mean": 0.43897204103391774,
    "cv_f1_std": 0.10429857751378817,
    "cv_roc_auc_mean": 0.4914934638784166,
    "cv_roc_auc_std": 0.0939587805484681
  },
  "model_path": "GBPCAD_15m/random_forest_v2.pkl",
  "is_keras": false,
  "feature_names": [
    "candle_body",
    "candle_range",
    "candle_body_ratio",
    "candle_upper_wick",
    "change_5",
    "change_20",
    "high_5",
    "low_5",
    "range_5_pips",
    "high_20",
    "low_20",
    "range_20_pips",
    "high_50",
    "low_50",
    "range_50_pips",
    "rsi_7",
    "rsi_14",
    "rsi_21",
    "macd",
    "macd_signal",
    "macd_diff",
    "atr",
    "atr_percentage",
    "volume_ratio",
    "ema_9_distance",
    "ema_50_distance"
  ]
}