{
  "pair": "GBPCAD",
  "timeframe": "15m",
  "model_type": "xgboost",
  "version": "v2",
  "saved_at": "2026-07-23T04:48:41+00:00",
  "metrics": {
    "accuracy": 0.5137931034482759,
    "precision": 0.5,
    "recall": 0.75177304964539,
    "f1": 0.6005665722379604,
    "roc_auc": 0.5219191774953591,
    "threshold": 0.34,
    "training_bars": 1929,
    "n_features_selected": 26,
    "cv_accuracy_mean": 0.5472527472527473,
    "cv_accuracy_std": 0.037038020980994985,
    "cv_precision_mean": 0.4655056509690825,
    "cv_precision_std": 0.0908737294289403,
    "cv_recall_mean": 0.44717262453412376,
    "cv_recall_std": 0.14602157801725682,
    "cv_f1_mean": 0.43958068616829016,
    "cv_f1_std": 0.08744597573105915,
    "cv_roc_auc_mean": 0.5341663623089399,
    "cv_roc_auc_std": 0.049568974778534565
  },
  "model_path": "GBPCAD_15m/xgboost_v2.pkl",
  "is_keras": false,
  "feature_names": [
    "candle_body",
    "candle_range",
    "candle_body_ratio",
    "candle_upper_wick",
    "change_5",
    "change_20",
    "high_5",
    "low_5",
    "range_5_pips",
    "high_20",
    "low_20",
    "range_20_pips",
    "high_50",
    "low_50",
    "range_50_pips",
    "rsi_7",
    "rsi_14",
    "rsi_21",
    "macd",
    "macd_signal",
    "macd_diff",
    "atr",
    "atr_percentage",
    "volume_ratio",
    "ema_9_distance",
    "ema_50_distance"
  ]
}