{
  "pair": "GBPAUD",
  "timeframe": "15m",
  "model_type": "random_forest",
  "version": "v2",
  "saved_at": "2026-07-23T04:48:08+00:00",
  "metrics": {
    "accuracy": 0.3448275862068966,
    "precision": 0.3147410358565737,
    "recall": 0.8144329896907216,
    "f1": 0.4540229885057471,
    "roc_auc": 0.4411089151220554,
    "threshold": 0.48,
    "training_bars": 1930,
    "n_features_selected": 28,
    "cv_accuracy_mean": 0.5487179487179488,
    "cv_accuracy_std": 0.09479751571939522,
    "cv_precision_mean": 0.5335142491258191,
    "cv_precision_std": 0.18138195873867136,
    "cv_recall_mean": 0.4612662294059893,
    "cv_recall_std": 0.23900323427830178,
    "cv_f1_mean": 0.4373200297928512,
    "cv_f1_std": 0.17613965858511027,
    "cv_roc_auc_mean": 0.5541529326850065,
    "cv_roc_auc_std": 0.10828038911589265
  },
  "model_path": "GBPAUD_15m/random_forest_v2.pkl",
  "is_keras": false,
  "feature_names": [
    "candle_body",
    "candle_upper_wick",
    "candle_lower_wick",
    "change_1",
    "change_3",
    "change_10",
    "change_20",
    "high_5",
    "low_5",
    "range_5_pips",
    "high_20",
    "low_20",
    "range_20_pips",
    "high_50",
    "low_50",
    "range_50_pips",
    "rsi_7",
    "rsi_14",
    "rsi_21",
    "macd",
    "macd_signal",
    "macd_diff",
    "atr",
    "atr_percentage",
    "volume_ratio",
    "ema_9_distance",
    "ema_20_distance",
    "ema_50_distance"
  ]
}