{
  "pair": "GBPAUD",
  "timeframe": "15m",
  "model_type": "xgboost",
  "version": "v2",
  "saved_at": "2026-07-23T04:48:08+00:00",
  "metrics": {
    "accuracy": 0.35517241379310344,
    "precision": 0.29545454545454547,
    "recall": 0.6701030927835051,
    "f1": 0.41009463722397477,
    "roc_auc": 0.40430532557021526,
    "threshold": 0.42,
    "training_bars": 1930,
    "n_features_selected": 28,
    "cv_accuracy_mean": 0.5633699633699634,
    "cv_accuracy_std": 0.05029932276563187,
    "cv_precision_mean": 0.5006160974160216,
    "cv_precision_std": 0.16386404433878424,
    "cv_recall_mean": 0.46315534304853634,
    "cv_recall_std": 0.3103233421313003,
    "cv_f1_mean": 0.42003601805220486,
    "cv_f1_std": 0.2157090725809909,
    "cv_roc_auc_mean": 0.5723540317162312,
    "cv_roc_auc_std": 0.08359062203955384
  },
  "model_path": "GBPAUD_15m/xgboost_v2.pkl",
  "is_keras": false,
  "feature_names": [
    "candle_body",
    "candle_upper_wick",
    "candle_lower_wick",
    "change_1",
    "change_3",
    "change_10",
    "change_20",
    "high_5",
    "low_5",
    "range_5_pips",
    "high_20",
    "low_20",
    "range_20_pips",
    "high_50",
    "low_50",
    "range_50_pips",
    "rsi_7",
    "rsi_14",
    "rsi_21",
    "macd",
    "macd_signal",
    "macd_diff",
    "atr",
    "atr_percentage",
    "volume_ratio",
    "ema_9_distance",
    "ema_20_distance",
    "ema_50_distance"
  ]
}