{
  "pair": "EURGBP",
  "timeframe": "15m",
  "model_type": "random_forest",
  "version": "v2",
  "saved_at": "2026-07-23T04:42:38+00:00",
  "metrics": {
    "accuracy": 0.3413793103448276,
    "precision": 0.3527272727272727,
    "recall": 0.8818181818181818,
    "f1": 0.5038961038961038,
    "roc_auc": 0.45833333333333337,
    "threshold": 0.3,
    "training_bars": 1929,
    "n_features_selected": 26,
    "cv_accuracy_mean": 0.5267399267399269,
    "cv_accuracy_std": 0.08675675512432213,
    "cv_precision_mean": 0.4445233603530836,
    "cv_precision_std": 0.14230923700419068,
    "cv_recall_mean": 0.4904889345457851,
    "cv_recall_std": 0.17726898180466277,
    "cv_f1_mean": 0.4400021907123537,
    "cv_f1_std": 0.07212705024128838,
    "cv_roc_auc_mean": 0.5549917078725468,
    "cv_roc_auc_std": 0.11447886972478348
  },
  "model_path": "EURGBP_15m/random_forest_v2.pkl",
  "is_keras": false,
  "feature_names": [
    "candle_range",
    "change_1",
    "change_3",
    "change_5",
    "change_20",
    "high_5",
    "low_5",
    "range_5_pips",
    "high_20",
    "low_20",
    "range_20_pips",
    "high_50",
    "low_50",
    "range_50_pips",
    "rsi_7",
    "rsi_14",
    "rsi_21",
    "macd",
    "macd_signal",
    "macd_diff",
    "atr",
    "atr_percentage",
    "volume_ratio",
    "ema_9_distance",
    "ema_20_distance",
    "ema_50_distance"
  ]
}