{
  "pair": "EURGBP",
  "timeframe": "15m",
  "model_type": "xgboost",
  "version": "v2",
  "saved_at": "2026-07-23T04:42:38+00:00",
  "metrics": {
    "accuracy": 0.3586206896551724,
    "precision": 0.33035714285714285,
    "recall": 0.6727272727272727,
    "f1": 0.4431137724550898,
    "roc_auc": 0.2676010101010101,
    "threshold": 0.4,
    "training_bars": 1929,
    "n_features_selected": 26,
    "cv_accuracy_mean": 0.523076923076923,
    "cv_accuracy_std": 0.09709101982141721,
    "cv_precision_mean": 0.45102608351141943,
    "cv_precision_std": 0.13269937647531038,
    "cv_recall_mean": 0.5424477817105153,
    "cv_recall_std": 0.1881590287810048,
    "cv_f1_mean": 0.4625544901162117,
    "cv_f1_std": 0.07081591926124932,
    "cv_roc_auc_mean": 0.5377532137894075,
    "cv_roc_auc_std": 0.08838793471140097
  },
  "model_path": "EURGBP_15m/xgboost_v2.pkl",
  "is_keras": false,
  "feature_names": [
    "candle_range",
    "change_1",
    "change_3",
    "change_5",
    "change_20",
    "high_5",
    "low_5",
    "range_5_pips",
    "high_20",
    "low_20",
    "range_20_pips",
    "high_50",
    "low_50",
    "range_50_pips",
    "rsi_7",
    "rsi_14",
    "rsi_21",
    "macd",
    "macd_signal",
    "macd_diff",
    "atr",
    "atr_percentage",
    "volume_ratio",
    "ema_9_distance",
    "ema_20_distance",
    "ema_50_distance"
  ]
}