{
  "pair": "EURCHF",
  "timeframe": "15m",
  "model_type": "random_forest",
  "version": "v3",
  "saved_at": "2026-07-23T04:41:58+00:00",
  "metrics": {
    "accuracy": 0.5344827586206896,
    "precision": 0.5144230769230769,
    "recall": 0.7588652482269503,
    "f1": 0.6131805157593123,
    "roc_auc": 0.5449569232233804,
    "threshold": 0.3,
    "training_bars": 1929,
    "n_features_selected": 28,
    "cv_accuracy_mean": 0.5948717948717949,
    "cv_accuracy_std": 0.05733975656952233,
    "cv_precision_mean": 0.5609855836171626,
    "cv_precision_std": 0.07273999176190267,
    "cv_recall_mean": 0.39398296479498524,
    "cv_recall_std": 0.15172939792905785,
    "cv_f1_mean": 0.4345883054729711,
    "cv_f1_std": 0.11211122194489648,
    "cv_roc_auc_mean": 0.6194091062362995,
    "cv_roc_auc_std": 0.06221837069637072
  },
  "model_path": "EURCHF_15m/random_forest_v3.pkl",
  "is_keras": false,
  "feature_names": [
    "candle_range",
    "candle_upper_wick",
    "candle_lower_wick",
    "change_3",
    "change_5",
    "change_10",
    "change_20",
    "high_5",
    "low_5",
    "range_5_pips",
    "high_20",
    "low_20",
    "range_20_pips",
    "high_50",
    "low_50",
    "range_50_pips",
    "rsi_7",
    "rsi_14",
    "rsi_21",
    "macd",
    "macd_signal",
    "macd_diff",
    "atr",
    "atr_percentage",
    "volume_ratio",
    "ema_9_distance",
    "ema_20_distance",
    "ema_50_distance"
  ]
}