{
  "pair": "EURCHF",
  "timeframe": "15m",
  "model_type": "xgboost",
  "version": "v3",
  "saved_at": "2026-07-23T04:41:58+00:00",
  "metrics": {
    "accuracy": 0.6068965517241379,
    "precision": 0.5721925133689839,
    "recall": 0.7588652482269503,
    "f1": 0.6524390243902439,
    "roc_auc": 0.661740206578133,
    "threshold": 0.3,
    "training_bars": 1929,
    "n_features_selected": 28,
    "cv_accuracy_mean": 0.5692307692307692,
    "cv_accuracy_std": 0.05868127295091807,
    "cv_precision_mean": 0.49485948787690787,
    "cv_precision_std": 0.04060602617058386,
    "cv_recall_mean": 0.4166279964233929,
    "cv_recall_std": 0.1411699679454968,
    "cv_f1_mean": 0.4387678722166436,
    "cv_f1_std": 0.09519021824339527,
    "cv_roc_auc_mean": 0.6187858054256704,
    "cv_roc_auc_std": 0.05411907680241524
  },
  "model_path": "EURCHF_15m/xgboost_v3.pkl",
  "is_keras": false,
  "feature_names": [
    "candle_range",
    "candle_upper_wick",
    "candle_lower_wick",
    "change_3",
    "change_5",
    "change_10",
    "change_20",
    "high_5",
    "low_5",
    "range_5_pips",
    "high_20",
    "low_20",
    "range_20_pips",
    "high_50",
    "low_50",
    "range_50_pips",
    "rsi_7",
    "rsi_14",
    "rsi_21",
    "macd",
    "macd_signal",
    "macd_diff",
    "atr",
    "atr_percentage",
    "volume_ratio",
    "ema_9_distance",
    "ema_20_distance",
    "ema_50_distance"
  ]
}