{
  "pair": "NZDUSD",
  "timeframe": "15m",
  "model_type": "random_forest",
  "version": "v2",
  "saved_at": "2026-07-23T04:58:39+00:00",
  "metrics": {
    "accuracy": 0.3620689655172414,
    "precision": 0.3623693379790941,
    "recall": 0.9811320754716981,
    "f1": 0.5292620865139949,
    "roc_auc": 0.5390176374077112,
    "threshold": 0.3,
    "training_bars": 1929,
    "n_features_selected": 26,
    "cv_accuracy_mean": 0.5443223443223443,
    "cv_accuracy_std": 0.05209198193298514,
    "cv_precision_mean": 0.5607912591009758,
    "cv_precision_std": 0.1098375547937853,
    "cv_recall_mean": 0.2679826145786782,
    "cv_recall_std": 0.08034741231434858,
    "cv_f1_mean": 0.35731138656419664,
    "cv_f1_std": 0.09117341903597007,
    "cv_roc_auc_mean": 0.5529206970274275,
    "cv_roc_auc_std": 0.08830607749947496
  },
  "model_path": "NZDUSD_15m/random_forest_v2.pkl",
  "is_keras": false,
  "feature_names": [
    "candle_body_ratio",
    "candle_upper_wick",
    "change_3",
    "change_5",
    "change_10",
    "change_20",
    "high_5",
    "low_5",
    "range_5_pips",
    "high_20",
    "low_20",
    "range_20_pips",
    "high_50",
    "low_50",
    "range_50_pips",
    "rsi_7",
    "rsi_14",
    "rsi_21",
    "macd",
    "macd_signal",
    "macd_diff",
    "atr",
    "atr_percentage",
    "volume_ratio",
    "ema_20_distance",
    "ema_50_distance"
  ]
}