{
  "pair": "NZDUSD",
  "timeframe": "15m",
  "model_type": "xgboost",
  "version": "v2",
  "saved_at": "2026-07-23T04:58:39+00:00",
  "metrics": {
    "accuracy": 0.38275862068965516,
    "precision": 0.36917562724014336,
    "recall": 0.9716981132075472,
    "f1": 0.535064935064935,
    "roc_auc": 0.4234003281378179,
    "threshold": 0.38,
    "training_bars": 1929,
    "n_features_selected": 26,
    "cv_accuracy_mean": 0.5391941391941392,
    "cv_accuracy_std": 0.03629147568205373,
    "cv_precision_mean": 0.5411610608475458,
    "cv_precision_std": 0.08867136379416217,
    "cv_recall_mean": 0.4264209059536223,
    "cv_recall_std": 0.16911504561574037,
    "cv_f1_mean": 0.4582632891057269,
    "cv_f1_std": 0.08669022056040605,
    "cv_roc_auc_mean": 0.5252496791353547,
    "cv_roc_auc_std": 0.044543559331593284
  },
  "model_path": "NZDUSD_15m/xgboost_v2.pkl",
  "is_keras": false,
  "feature_names": [
    "candle_body_ratio",
    "candle_upper_wick",
    "change_3",
    "change_5",
    "change_10",
    "change_20",
    "high_5",
    "low_5",
    "range_5_pips",
    "high_20",
    "low_20",
    "range_20_pips",
    "high_50",
    "low_50",
    "range_50_pips",
    "rsi_7",
    "rsi_14",
    "rsi_21",
    "macd",
    "macd_signal",
    "macd_diff",
    "atr",
    "atr_percentage",
    "volume_ratio",
    "ema_20_distance",
    "ema_50_distance"
  ]
}