{
  "pair": "NZDSGD",
  "timeframe": "15m",
  "model_type": "random_forest",
  "version": "v2",
  "saved_at": "2026-07-23T04:57:41+00:00",
  "metrics": {
    "accuracy": 0.496551724137931,
    "precision": 0.4728682170542636,
    "recall": 0.9242424242424242,
    "f1": 0.6256410256410256,
    "roc_auc": 0.5712984273110856,
    "threshold": 0.5,
    "training_bars": 1930,
    "n_features_selected": 26,
    "cv_accuracy_mean": 0.5619047619047619,
    "cv_accuracy_std": 0.056728089912398354,
    "cv_precision_mean": 0.6743660020778707,
    "cv_precision_std": 0.22775200122700237,
    "cv_recall_mean": 0.24026123075757155,
    "cv_recall_std": 0.1877213283596221,
    "cv_f1_mean": 0.2884261904612123,
    "cv_f1_std": 0.14607521647192354,
    "cv_roc_auc_mean": 0.5544821971115202,
    "cv_roc_auc_std": 0.05307035381720197
  },
  "model_path": "NZDSGD_15m/random_forest_v2.pkl",
  "is_keras": false,
  "feature_names": [
    "candle_body",
    "candle_range",
    "candle_lower_wick",
    "change_3",
    "change_5",
    "high_5",
    "low_5",
    "range_5_pips",
    "high_20",
    "low_20",
    "range_20_pips",
    "high_50",
    "low_50",
    "range_50_pips",
    "rsi_7",
    "rsi_14",
    "rsi_21",
    "macd",
    "macd_signal",
    "macd_diff",
    "atr",
    "atr_percentage",
    "volume_ratio",
    "ema_9_distance",
    "ema_20_distance",
    "ema_50_distance"
  ]
}