{
  "pair": "NZDSGD",
  "timeframe": "15m",
  "model_type": "xgboost",
  "version": "v2",
  "saved_at": "2026-07-23T04:57:41+00:00",
  "metrics": {
    "accuracy": 0.5517241379310345,
    "precision": 0.5043478260869565,
    "recall": 0.8787878787878788,
    "f1": 0.6408839779005525,
    "roc_auc": 0.5807920981971616,
    "threshold": 0.34,
    "training_bars": 1930,
    "n_features_selected": 26,
    "cv_accuracy_mean": 0.558974358974359,
    "cv_accuracy_std": 0.048407116591008936,
    "cv_precision_mean": 0.5807257665821937,
    "cv_precision_std": 0.17060500073839568,
    "cv_recall_mean": 0.35366004956776165,
    "cv_recall_std": 0.27978877552663023,
    "cv_f1_mean": 0.3674216197474228,
    "cv_f1_std": 0.1446810186923694,
    "cv_roc_auc_mean": 0.5544073800362268,
    "cv_roc_auc_std": 0.06651586486682808
  },
  "model_path": "NZDSGD_15m/xgboost_v2.pkl",
  "is_keras": false,
  "feature_names": [
    "candle_body",
    "candle_range",
    "candle_lower_wick",
    "change_3",
    "change_5",
    "high_5",
    "low_5",
    "range_5_pips",
    "high_20",
    "low_20",
    "range_20_pips",
    "high_50",
    "low_50",
    "range_50_pips",
    "rsi_7",
    "rsi_14",
    "rsi_21",
    "macd",
    "macd_signal",
    "macd_diff",
    "atr",
    "atr_percentage",
    "volume_ratio",
    "ema_9_distance",
    "ema_20_distance",
    "ema_50_distance"
  ]
}