{
  "pair": "EURNOK",
  "timeframe": "15m",
  "model_type": "random_forest",
  "version": "v2",
  "saved_at": "2026-07-23T04:44:42+00:00",
  "metrics": {
    "accuracy": 0.5137931034482759,
    "precision": 0.44672131147540983,
    "recall": 0.9478260869565217,
    "f1": 0.6072423398328691,
    "roc_auc": 0.6025341614906833,
    "threshold": 0.3,
    "training_bars": 1930,
    "n_features_selected": 27,
    "cv_accuracy_mean": 0.5032967032967033,
    "cv_accuracy_std": 0.1039828612215496,
    "cv_precision_mean": 0.42152254522954424,
    "cv_precision_std": 0.14092139627062394,
    "cv_recall_mean": 0.5250815024638641,
    "cv_recall_std": 0.13696107242296865,
    "cv_f1_mean": 0.43204887025868766,
    "cv_f1_std": 0.024229661583468905,
    "cv_roc_auc_mean": 0.5013231325531219,
    "cv_roc_auc_std": 0.10587112420325169
  },
  "model_path": "EURNOK_15m/random_forest_v2.pkl",
  "is_keras": false,
  "feature_names": [
    "candle_body",
    "candle_range",
    "candle_upper_wick",
    "candle_lower_wick",
    "change_3",
    "change_5",
    "change_10",
    "change_20",
    "high_5",
    "low_5",
    "range_5_pips",
    "high_20",
    "low_20",
    "range_20_pips",
    "high_50",
    "low_50",
    "range_50_pips",
    "rsi_7",
    "rsi_14",
    "rsi_21",
    "macd_signal",
    "macd_diff",
    "atr",
    "atr_percentage",
    "volume_ratio",
    "ema_9_distance",
    "ema_50_distance"
  ]
}