{
  "pair": "EURNOK",
  "timeframe": "15m",
  "model_type": "xgboost",
  "version": "v2",
  "saved_at": "2026-07-23T04:44:42+00:00",
  "metrics": {
    "accuracy": 0.593103448275862,
    "precision": 0.48872180451127817,
    "recall": 0.5652173913043478,
    "f1": 0.5241935483870968,
    "roc_auc": 0.5884968944099379,
    "threshold": 0.3,
    "training_bars": 1930,
    "n_features_selected": 27,
    "cv_accuracy_mean": 0.5252747252747253,
    "cv_accuracy_std": 0.10460040319156401,
    "cv_precision_mean": 0.4149190714422614,
    "cv_precision_std": 0.12480335574283642,
    "cv_recall_mean": 0.5194971637484216,
    "cv_recall_std": 0.07885327526673329,
    "cv_f1_mean": 0.44619643501004747,
    "cv_f1_std": 0.06167626187541432,
    "cv_roc_auc_mean": 0.5126934187788215,
    "cv_roc_auc_std": 0.0735316205807558
  },
  "model_path": "EURNOK_15m/xgboost_v2.pkl",
  "is_keras": false,
  "feature_names": [
    "candle_body",
    "candle_range",
    "candle_upper_wick",
    "candle_lower_wick",
    "change_3",
    "change_5",
    "change_10",
    "change_20",
    "high_5",
    "low_5",
    "range_5_pips",
    "high_20",
    "low_20",
    "range_20_pips",
    "high_50",
    "low_50",
    "range_50_pips",
    "rsi_7",
    "rsi_14",
    "rsi_21",
    "macd_signal",
    "macd_diff",
    "atr",
    "atr_percentage",
    "volume_ratio",
    "ema_9_distance",
    "ema_50_distance"
  ]
}