{
  "pair": "AUDSGD",
  "timeframe": "15m",
  "model_type": "random_forest",
  "version": "v3",
  "saved_at": "2026-07-23T04:35:47+00:00",
  "metrics": {
    "accuracy": 0.5586206896551724,
    "precision": 0.5586206896551724,
    "recall": 1.0,
    "f1": 0.7168141592920354,
    "roc_auc": 0.5222318672839507,
    "threshold": 0.48,
    "training_bars": 1930,
    "n_features_selected": 25,
    "cv_accuracy_mean": 0.591941391941392,
    "cv_accuracy_std": 0.09134329638318976,
    "cv_precision_mean": 0.542077535899472,
    "cv_precision_std": 0.13058935478282566,
    "cv_recall_mean": 0.3103699273655406,
    "cv_recall_std": 0.16668685529757296,
    "cv_f1_mean": 0.3578286360116931,
    "cv_f1_std": 0.1477255150049228,
    "cv_roc_auc_mean": 0.5900402709418066,
    "cv_roc_auc_std": 0.06897543344309097
  },
  "model_path": "AUDSGD_15m/random_forest_v3.pkl",
  "is_keras": false,
  "feature_names": [
    "candle_range",
    "change_3",
    "change_5",
    "change_10",
    "change_20",
    "high_5",
    "low_5",
    "range_5_pips",
    "high_20",
    "low_20",
    "range_20_pips",
    "high_50",
    "low_50",
    "range_50_pips",
    "rsi_7",
    "rsi_21",
    "macd",
    "macd_signal",
    "macd_diff",
    "atr",
    "atr_percentage",
    "volume_ratio",
    "ema_9_distance",
    "ema_20_distance",
    "ema_50_distance"
  ]
}