{
  "pair": "AUDSGD",
  "timeframe": "15m",
  "model_type": "random_forest",
  "version": "v2",
  "saved_at": "2026-07-23T03:33:46+00:00",
  "metrics": {
    "accuracy": 0.7068965517241379,
    "precision": 0.7093425605536332,
    "recall": 0.9951456310679612,
    "f1": 0.8282828282828283,
    "roc_auc": 0.5273347202958854,
    "threshold": 0.6,
    "training_bars": 1930,
    "n_features_selected": 26,
    "cv_accuracy_mean": 0.5985347985347985,
    "cv_accuracy_std": 0.11879883839193839,
    "cv_precision_mean": 0.7407163538584551,
    "cv_precision_std": 0.1020096974585156,
    "cv_recall_mean": 0.7234587944683123,
    "cv_recall_std": 0.29816696787327124,
    "cv_f1_mean": 0.667544119915795,
    "cv_f1_std": 0.20054241019044294,
    "cv_roc_auc_mean": 0.6140412817840126,
    "cv_roc_auc_std": 0.06300569146721738
  },
  "model_path": "D:\\Projects\\forex\\memory\\ml_models\\AUDSGD_15m\\random_forest_v2.pkl",
  "is_keras": false,
  "feature_names": [
    "candle_body",
    "candle_range",
    "change_3",
    "change_5",
    "change_10",
    "change_20",
    "high_5",
    "low_5",
    "range_5_pips",
    "high_20",
    "low_20",
    "range_20_pips",
    "high_50",
    "low_50",
    "range_50_pips",
    "rsi_7",
    "rsi_14",
    "rsi_21",
    "macd",
    "macd_signal",
    "macd_diff",
    "atr",
    "atr_percentage",
    "volume_ratio",
    "ema_9_distance",
    "ema_20_distance"
  ]
}