{
  "pair": "AUDSGD",
  "timeframe": "15m",
  "model_type": "xgboost",
  "version": "v3",
  "saved_at": "2026-07-23T04:35:47+00:00",
  "metrics": {
    "accuracy": 0.5586206896551724,
    "precision": 0.5586206896551724,
    "recall": 1.0,
    "f1": 0.7168141592920354,
    "roc_auc": 0.5,
    "threshold": 0.3,
    "training_bars": 1930,
    "n_features_selected": 25,
    "cv_accuracy_mean": 0.5882783882783882,
    "cv_accuracy_std": 0.07313542509437858,
    "cv_precision_mean": 0.512172346361441,
    "cv_precision_std": 0.08764062043475518,
    "cv_recall_mean": 0.34402140907493944,
    "cv_recall_std": 0.14661249288094388,
    "cv_f1_mean": 0.38741963873407537,
    "cv_f1_std": 0.11129008247586017,
    "cv_roc_auc_mean": 0.6136908513291914,
    "cv_roc_auc_std": 0.06428407729183686
  },
  "model_path": "AUDSGD_15m/xgboost_v3.pkl",
  "is_keras": false,
  "feature_names": [
    "candle_range",
    "change_3",
    "change_5",
    "change_10",
    "change_20",
    "high_5",
    "low_5",
    "range_5_pips",
    "high_20",
    "low_20",
    "range_20_pips",
    "high_50",
    "low_50",
    "range_50_pips",
    "rsi_7",
    "rsi_21",
    "macd",
    "macd_signal",
    "macd_diff",
    "atr",
    "atr_percentage",
    "volume_ratio",
    "ema_9_distance",
    "ema_20_distance",
    "ema_50_distance"
  ]
}