{
  "pair": "AUDSGD",
  "timeframe": "15m",
  "model_type": "xgboost",
  "version": "v2",
  "saved_at": "2026-07-23T03:33:46+00:00",
  "metrics": {
    "accuracy": 0.7103448275862069,
    "precision": 0.7103448275862069,
    "recall": 1.0,
    "f1": 0.8306451612903226,
    "roc_auc": 0.45579056865464634,
    "threshold": 0.3,
    "training_bars": 1930,
    "n_features_selected": 26,
    "cv_accuracy_mean": 0.6380952380952382,
    "cv_accuracy_std": 0.046530240317070815,
    "cv_precision_mean": 0.7117345645009041,
    "cv_precision_std": 0.03932020071760245,
    "cv_recall_mean": 0.795922884144262,
    "cv_recall_std": 0.0974788018365156,
    "cv_f1_mean": 0.7470453461044303,
    "cv_f1_std": 0.043990069604710906,
    "cv_roc_auc_mean": 0.5853263259601112,
    "cv_roc_auc_std": 0.05825923227687945
  },
  "model_path": "D:\\Projects\\forex\\memory\\ml_models\\AUDSGD_15m\\xgboost_v2.pkl",
  "is_keras": false,
  "feature_names": [
    "candle_body",
    "candle_range",
    "change_3",
    "change_5",
    "change_10",
    "change_20",
    "high_5",
    "low_5",
    "range_5_pips",
    "high_20",
    "low_20",
    "range_20_pips",
    "high_50",
    "low_50",
    "range_50_pips",
    "rsi_7",
    "rsi_14",
    "rsi_21",
    "macd",
    "macd_signal",
    "macd_diff",
    "atr",
    "atr_percentage",
    "volume_ratio",
    "ema_9_distance",
    "ema_20_distance"
  ]
}