{
  "pair": "EURJPY",
  "timeframe": "15m",
  "model_type": "random_forest",
  "version": "v2",
  "saved_at": "2026-07-23T04:43:50+00:00",
  "metrics": {
    "accuracy": 0.6413793103448275,
    "precision": 0.632768361581921,
    "recall": 0.7417218543046358,
    "f1": 0.6829268292682927,
    "roc_auc": 0.7016056029348707,
    "threshold": 0.38,
    "training_bars": 1929,
    "n_features_selected": 27,
    "cv_accuracy_mean": 0.5626373626373626,
    "cv_accuracy_std": 0.01773438598814682,
    "cv_precision_mean": 0.4612388457512058,
    "cv_precision_std": 0.07766495011093576,
    "cv_recall_mean": 0.40001958850884956,
    "cv_recall_std": 0.24645736987532732,
    "cv_f1_mean": 0.374949881169617,
    "cv_f1_std": 0.1812249902272006,
    "cv_roc_auc_mean": 0.5939497581593911,
    "cv_roc_auc_std": 0.032886018913995625
  },
  "model_path": "EURJPY_15m/random_forest_v2.pkl",
  "is_keras": false,
  "feature_names": [
    "candle_body",
    "candle_range",
    "candle_body_ratio",
    "candle_upper_wick",
    "change_3",
    "change_5",
    "change_10",
    "high_5",
    "low_5",
    "range_5_pips",
    "high_20",
    "low_20",
    "range_20_pips",
    "high_50",
    "low_50",
    "range_50_pips",
    "rsi_7",
    "rsi_14",
    "rsi_21",
    "macd",
    "macd_signal",
    "macd_diff",
    "atr",
    "volume_ratio",
    "ema_9_distance",
    "ema_20_distance",
    "ema_50_distance"
  ]
}