{
  "pair": "EURJPY",
  "timeframe": "15m",
  "model_type": "xgboost",
  "version": "v2",
  "saved_at": "2026-07-23T04:43:50+00:00",
  "metrics": {
    "accuracy": 0.5206896551724138,
    "precision": 0.5206896551724138,
    "recall": 1.0,
    "f1": 0.6848072562358276,
    "roc_auc": 0.6140359235790174,
    "threshold": 0.3,
    "training_bars": 1929,
    "n_features_selected": 27,
    "cv_accuracy_mean": 0.5604395604395604,
    "cv_accuracy_std": 0.04644942852497395,
    "cv_precision_mean": 0.4921712699146089,
    "cv_precision_std": 0.16626311604380598,
    "cv_recall_mean": 0.43254931850096623,
    "cv_recall_std": 0.1820108897273033,
    "cv_f1_mean": 0.4243764604814797,
    "cv_f1_std": 0.135095409459946,
    "cv_roc_auc_mean": 0.5683438114793458,
    "cv_roc_auc_std": 0.07142739426273599
  },
  "model_path": "EURJPY_15m/xgboost_v2.pkl",
  "is_keras": false,
  "feature_names": [
    "candle_body",
    "candle_range",
    "candle_body_ratio",
    "candle_upper_wick",
    "change_3",
    "change_5",
    "change_10",
    "high_5",
    "low_5",
    "range_5_pips",
    "high_20",
    "low_20",
    "range_20_pips",
    "high_50",
    "low_50",
    "range_50_pips",
    "rsi_7",
    "rsi_14",
    "rsi_21",
    "macd",
    "macd_signal",
    "macd_diff",
    "atr",
    "volume_ratio",
    "ema_9_distance",
    "ema_20_distance",
    "ema_50_distance"
  ]
}