{
  "pair": "CADCHF",
  "timeframe": "15m",
  "model_type": "random_forest",
  "version": "v3",
  "saved_at": "2026-07-23T04:37:30+00:00",
  "metrics": {
    "accuracy": 0.4068965517241379,
    "precision": 0.4068965517241379,
    "recall": 1.0,
    "f1": 0.5784313725490197,
    "roc_auc": 0.36337209302325585,
    "threshold": 0.44,
    "training_bars": 1930,
    "n_features_selected": 27,
    "cv_accuracy_mean": 0.5333333333333333,
    "cv_accuracy_std": 0.028711967680974972,
    "cv_precision_mean": 0.5268837349329865,
    "cv_precision_std": 0.08403590880123797,
    "cv_recall_mean": 0.40942153276391097,
    "cv_recall_std": 0.2748863048883356,
    "cv_f1_mean": 0.41230935442435757,
    "cv_f1_std": 0.14073468484086316,
    "cv_roc_auc_mean": 0.5613063143547609,
    "cv_roc_auc_std": 0.03820035396552068
  },
  "model_path": "CADCHF_15m/random_forest_v3.pkl",
  "is_keras": false,
  "feature_names": [
    "candle_range",
    "candle_body_ratio",
    "change_3",
    "change_5",
    "change_10",
    "change_20",
    "high_5",
    "low_5",
    "range_5_pips",
    "high_20",
    "low_20",
    "range_20_pips",
    "high_50",
    "low_50",
    "range_50_pips",
    "rsi_7",
    "rsi_14",
    "rsi_21",
    "macd",
    "macd_signal",
    "macd_diff",
    "atr",
    "atr_percentage",
    "volume_ratio",
    "ema_9_distance",
    "ema_20_distance",
    "ema_50_distance"
  ]
}