{
  "pair": "CADCHF",
  "timeframe": "15m",
  "model_type": "random_forest",
  "version": "v2",
  "saved_at": "2026-07-23T03:37:36+00:00",
  "metrics": {
    "accuracy": 0.7689655172413793,
    "precision": 0.7689655172413793,
    "recall": 1.0,
    "f1": 0.8693957115009746,
    "roc_auc": 0.588581754902617,
    "threshold": 0.3,
    "training_bars": 1930,
    "n_features_selected": 28,
    "cv_accuracy_mean": 0.47765567765567774,
    "cv_accuracy_std": 0.029541165060301765,
    "cv_precision_mean": 0.6990876788154551,
    "cv_precision_std": 0.08064504801178234,
    "cv_recall_mean": 0.48500225215522386,
    "cv_recall_std": 0.09829904286232574,
    "cv_f1_mean": 0.5603013347459221,
    "cv_f1_std": 0.056006292168971114,
    "cv_roc_auc_mean": 0.5232398650731067,
    "cv_roc_auc_std": 0.03294783222564084
  },
  "model_path": "D:\\Projects\\forex\\memory\\ml_models\\CADCHF_15m\\random_forest_v2.pkl",
  "is_keras": false,
  "feature_names": [
    "candle_range",
    "candle_body_ratio",
    "candle_lower_wick",
    "change_3",
    "change_5",
    "change_10",
    "change_20",
    "high_5",
    "low_5",
    "range_5_pips",
    "high_20",
    "low_20",
    "range_20_pips",
    "high_50",
    "low_50",
    "range_50_pips",
    "rsi_7",
    "rsi_14",
    "rsi_21",
    "macd",
    "macd_signal",
    "macd_diff",
    "atr",
    "atr_percentage",
    "volume_ratio",
    "ema_9_distance",
    "ema_50_distance",
    "fvg_detected"
  ]
}