{
  "pair": "CADCHF",
  "timeframe": "15m",
  "model_type": "xgboost",
  "version": "v3",
  "saved_at": "2026-07-23T04:37:29+00:00",
  "metrics": {
    "accuracy": 0.4068965517241379,
    "precision": 0.4068965517241379,
    "recall": 1.0,
    "f1": 0.5784313725490197,
    "roc_auc": 0.4393230193141505,
    "threshold": 0.3,
    "training_bars": 1930,
    "n_features_selected": 27,
    "cv_accuracy_mean": 0.5216117216117216,
    "cv_accuracy_std": 0.051988849814535325,
    "cv_precision_mean": 0.4400249689069681,
    "cv_precision_std": 0.09465532033476491,
    "cv_recall_mean": 0.38217954112645397,
    "cv_recall_std": 0.2999787102330613,
    "cv_f1_mean": 0.37085413607414214,
    "cv_f1_std": 0.20925068994099164,
    "cv_roc_auc_mean": 0.5179545065334261,
    "cv_roc_auc_std": 0.05878117328529379
  },
  "model_path": "CADCHF_15m/xgboost_v3.pkl",
  "is_keras": false,
  "feature_names": [
    "candle_range",
    "candle_body_ratio",
    "change_3",
    "change_5",
    "change_10",
    "change_20",
    "high_5",
    "low_5",
    "range_5_pips",
    "high_20",
    "low_20",
    "range_20_pips",
    "high_50",
    "low_50",
    "range_50_pips",
    "rsi_7",
    "rsi_14",
    "rsi_21",
    "macd",
    "macd_signal",
    "macd_diff",
    "atr",
    "atr_percentage",
    "volume_ratio",
    "ema_9_distance",
    "ema_20_distance",
    "ema_50_distance"
  ]
}