{
  "pair": "CADCHF",
  "timeframe": "15m",
  "model_type": "xgboost",
  "version": "v2",
  "saved_at": "2026-07-23T03:37:36+00:00",
  "metrics": {
    "accuracy": 0.7689655172413793,
    "precision": 0.7689655172413793,
    "recall": 1.0,
    "f1": 0.8693957115009746,
    "roc_auc": 0.5322267585837628,
    "threshold": 0.3,
    "training_bars": 1930,
    "n_features_selected": 28,
    "cv_accuracy_mean": 0.5377289377289377,
    "cv_accuracy_std": 0.08383078190398179,
    "cv_precision_mean": 0.7331599758888884,
    "cv_precision_std": 0.06587103752190898,
    "cv_recall_mean": 0.5730840446673638,
    "cv_recall_std": 0.18416273559702317,
    "cv_f1_mean": 0.6148539703842626,
    "cv_f1_std": 0.14124051144068017,
    "cv_roc_auc_mean": 0.5713014376447985,
    "cv_roc_auc_std": 0.05994579731016162
  },
  "model_path": "D:\\Projects\\forex\\memory\\ml_models\\CADCHF_15m\\xgboost_v2.pkl",
  "is_keras": false,
  "feature_names": [
    "candle_range",
    "candle_body_ratio",
    "candle_lower_wick",
    "change_3",
    "change_5",
    "change_10",
    "change_20",
    "high_5",
    "low_5",
    "range_5_pips",
    "high_20",
    "low_20",
    "range_20_pips",
    "high_50",
    "low_50",
    "range_50_pips",
    "rsi_7",
    "rsi_14",
    "rsi_21",
    "macd",
    "macd_signal",
    "macd_diff",
    "atr",
    "atr_percentage",
    "volume_ratio",
    "ema_9_distance",
    "ema_50_distance",
    "fvg_detected"
  ]
}