{
  "pair": "NZDCAD",
  "timeframe": "15m",
  "model_type": "random_forest",
  "version": "v2",
  "saved_at": "2026-07-23T04:55:35+00:00",
  "metrics": {
    "accuracy": 0.38620689655172413,
    "precision": 0.34509803921568627,
    "recall": 0.8888888888888888,
    "f1": 0.4971751412429379,
    "roc_auc": 0.5239832883811941,
    "threshold": 0.3,
    "training_bars": 1930,
    "n_features_selected": 28,
    "cv_accuracy_mean": 0.5032967032967033,
    "cv_accuracy_std": 0.05475424744631441,
    "cv_precision_mean": 0.42683503175306453,
    "cv_precision_std": 0.0792108667148617,
    "cv_recall_mean": 0.19337641101548836,
    "cv_recall_std": 0.1828834550494438,
    "cv_f1_mean": 0.2253588375271501,
    "cv_f1_std": 0.1826771670951091,
    "cv_roc_auc_mean": 0.5330384587558324,
    "cv_roc_auc_std": 0.09362103585248695
  },
  "model_path": "NZDCAD_15m/random_forest_v2.pkl",
  "is_keras": false,
  "feature_names": [
    "candle_body",
    "candle_range",
    "candle_body_ratio",
    "candle_upper_wick",
    "change_3",
    "change_5",
    "change_10",
    "change_20",
    "high_5",
    "low_5",
    "range_5_pips",
    "high_20",
    "low_20",
    "range_20_pips",
    "high_50",
    "low_50",
    "range_50_pips",
    "rsi_7",
    "rsi_14",
    "rsi_21",
    "macd",
    "macd_signal",
    "macd_diff",
    "atr",
    "atr_percentage",
    "volume_ratio",
    "ema_20_distance",
    "ema_50_distance"
  ]
}