{
  "pair": "NZDCAD",
  "timeframe": "15m",
  "model_type": "xgboost",
  "version": "v2",
  "saved_at": "2026-07-23T04:55:35+00:00",
  "metrics": {
    "accuracy": 0.3413793103448276,
    "precision": 0.3413793103448276,
    "recall": 1.0,
    "f1": 0.5089974293059126,
    "roc_auc": 0.44751176688349464,
    "threshold": 0.3,
    "training_bars": 1930,
    "n_features_selected": 28,
    "cv_accuracy_mean": 0.5304029304029305,
    "cv_accuracy_std": 0.024451749843631694,
    "cv_precision_mean": 0.42462626262626263,
    "cv_precision_std": 0.21369970071458097,
    "cv_recall_mean": 0.2444238480562079,
    "cv_recall_std": 0.1943358573626111,
    "cv_f1_mean": 0.2850365463927077,
    "cv_f1_std": 0.1837421328177564,
    "cv_roc_auc_mean": 0.5152518533598287,
    "cv_roc_auc_std": 0.04231177449492512
  },
  "model_path": "NZDCAD_15m/xgboost_v2.pkl",
  "is_keras": false,
  "feature_names": [
    "candle_body",
    "candle_range",
    "candle_body_ratio",
    "candle_upper_wick",
    "change_3",
    "change_5",
    "change_10",
    "change_20",
    "high_5",
    "low_5",
    "range_5_pips",
    "high_20",
    "low_20",
    "range_20_pips",
    "high_50",
    "low_50",
    "range_50_pips",
    "rsi_7",
    "rsi_14",
    "rsi_21",
    "macd",
    "macd_signal",
    "macd_diff",
    "atr",
    "atr_percentage",
    "volume_ratio",
    "ema_20_distance",
    "ema_50_distance"
  ]
}