{
  "pair": "EURCAD",
  "timeframe": "15m",
  "model_type": "random_forest",
  "version": "v2",
  "saved_at": "2026-07-23T04:40:46+00:00",
  "metrics": {
    "accuracy": 0.4896551724137931,
    "precision": 0.4980694980694981,
    "recall": 0.8775510204081632,
    "f1": 0.6354679802955665,
    "roc_auc": 0.5887921602207317,
    "threshold": 0.4,
    "training_bars": 1929,
    "n_features_selected": 28,
    "cv_accuracy_mean": 0.5106227106227106,
    "cv_accuracy_std": 0.057526653272968735,
    "cv_precision_mean": 0.3997981220657277,
    "cv_precision_std": 0.06272857007723359,
    "cv_recall_mean": 0.5567220760077106,
    "cv_recall_std": 0.2742409962092383,
    "cv_f1_mean": 0.42065454881512654,
    "cv_f1_std": 0.19232390760485518,
    "cv_roc_auc_mean": 0.551491578429516,
    "cv_roc_auc_std": 0.02747727583668369
  },
  "model_path": "EURCAD_15m/random_forest_v2.pkl",
  "is_keras": false,
  "feature_names": [
    "candle_body",
    "candle_range",
    "candle_upper_wick",
    "change_3",
    "change_5",
    "change_10",
    "change_20",
    "high_5",
    "low_5",
    "range_5_pips",
    "high_20",
    "low_20",
    "range_20_pips",
    "high_50",
    "low_50",
    "range_50_pips",
    "rsi_7",
    "rsi_14",
    "rsi_21",
    "macd",
    "macd_signal",
    "macd_diff",
    "atr",
    "atr_percentage",
    "volume_ratio",
    "ema_9_distance",
    "ema_20_distance",
    "ema_50_distance"
  ]
}