{
  "pair": "EURCAD",
  "timeframe": "15m",
  "model_type": "xgboost",
  "version": "v2",
  "saved_at": "2026-07-23T04:40:46+00:00",
  "metrics": {
    "accuracy": 0.506896551724138,
    "precision": 0.506896551724138,
    "recall": 1.0,
    "f1": 0.6727688787185355,
    "roc_auc": 0.5203130203130204,
    "threshold": 0.3,
    "training_bars": 1929,
    "n_features_selected": 28,
    "cv_accuracy_mean": 0.5304029304029305,
    "cv_accuracy_std": 0.06011791425327074,
    "cv_precision_mean": 0.5168048137976811,
    "cv_precision_std": 0.19866364553963564,
    "cv_recall_mean": 0.6103308195044267,
    "cv_recall_std": 0.26746357913541424,
    "cv_f1_mean": 0.4697120786444632,
    "cv_f1_std": 0.1332033431114547,
    "cv_roc_auc_mean": 0.5751143507886203,
    "cv_roc_auc_std": 0.04718632536672292
  },
  "model_path": "EURCAD_15m/xgboost_v2.pkl",
  "is_keras": false,
  "feature_names": [
    "candle_body",
    "candle_range",
    "candle_upper_wick",
    "change_3",
    "change_5",
    "change_10",
    "change_20",
    "high_5",
    "low_5",
    "range_5_pips",
    "high_20",
    "low_20",
    "range_20_pips",
    "high_50",
    "low_50",
    "range_50_pips",
    "rsi_7",
    "rsi_14",
    "rsi_21",
    "macd",
    "macd_signal",
    "macd_diff",
    "atr",
    "atr_percentage",
    "volume_ratio",
    "ema_9_distance",
    "ema_20_distance",
    "ema_50_distance"
  ]
}