{
  "pair": "GBPNOK",
  "timeframe": "15m",
  "model_type": "random_forest",
  "version": "v2",
  "saved_at": "2026-07-23T04:50:44+00:00",
  "metrics": {
    "accuracy": 0.29310344827586204,
    "precision": 0.2857142857142857,
    "recall": 1.0,
    "f1": 0.4444444444444444,
    "roc_auc": 0.5084427767354597,
    "threshold": 0.38,
    "training_bars": 1930,
    "n_features_selected": 26,
    "cv_accuracy_mean": 0.5450549450549451,
    "cv_accuracy_std": 0.0355443500973134,
    "cv_precision_mean": 0.5542298583796579,
    "cv_precision_std": 0.23790463109144014,
    "cv_recall_mean": 0.42267263068355077,
    "cv_recall_std": 0.24292962571588184,
    "cv_f1_mean": 0.3881266859878503,
    "cv_f1_std": 0.1981712780335852,
    "cv_roc_auc_mean": 0.5956961396316123,
    "cv_roc_auc_std": 0.08446879106917209
  },
  "model_path": "GBPNOK_15m/random_forest_v2.pkl",
  "is_keras": false,
  "feature_names": [
    "candle_range",
    "candle_body_ratio",
    "candle_lower_wick",
    "change_5",
    "change_10",
    "change_20",
    "high_5",
    "low_5",
    "range_5_pips",
    "high_20",
    "low_20",
    "range_20_pips",
    "high_50",
    "low_50",
    "range_50_pips",
    "rsi_14",
    "rsi_21",
    "macd",
    "macd_signal",
    "macd_diff",
    "atr",
    "atr_percentage",
    "volume_ratio",
    "ema_9_distance",
    "ema_20_distance",
    "ema_50_distance"
  ]
}