{
  "pair": "GBPNOK",
  "timeframe": "15m",
  "model_type": "xgboost",
  "version": "v2",
  "saved_at": "2026-07-23T04:50:44+00:00",
  "metrics": {
    "accuracy": 0.2827586206896552,
    "precision": 0.2827586206896552,
    "recall": 1.0,
    "f1": 0.44086021505376344,
    "roc_auc": 0.4694828799249531,
    "threshold": 0.3,
    "training_bars": 1930,
    "n_features_selected": 26,
    "cv_accuracy_mean": 0.5318681318681319,
    "cv_accuracy_std": 0.034236839400873055,
    "cv_precision_mean": 0.522472410284349,
    "cv_precision_std": 0.17020864104034217,
    "cv_recall_mean": 0.4904358418797246,
    "cv_recall_std": 0.2351401616797753,
    "cv_f1_mean": 0.42226777164141344,
    "cv_f1_std": 0.18405431358031185,
    "cv_roc_auc_mean": 0.5837620198748759,
    "cv_roc_auc_std": 0.055009256481355163
  },
  "model_path": "GBPNOK_15m/xgboost_v2.pkl",
  "is_keras": false,
  "feature_names": [
    "candle_range",
    "candle_body_ratio",
    "candle_lower_wick",
    "change_5",
    "change_10",
    "change_20",
    "high_5",
    "low_5",
    "range_5_pips",
    "high_20",
    "low_20",
    "range_20_pips",
    "high_50",
    "low_50",
    "range_50_pips",
    "rsi_14",
    "rsi_21",
    "macd",
    "macd_signal",
    "macd_diff",
    "atr",
    "atr_percentage",
    "volume_ratio",
    "ema_9_distance",
    "ema_20_distance",
    "ema_50_distance"
  ]
}