{
  "pair": "NZDCHF",
  "timeframe": "15m",
  "model_type": "random_forest",
  "version": "v2",
  "saved_at": "2026-07-23T04:56:22+00:00",
  "metrics": {
    "accuracy": 0.46206896551724136,
    "precision": 0.40131578947368424,
    "recall": 0.48412698412698413,
    "f1": 0.43884892086330934,
    "roc_auc": 0.4872241579558652,
    "threshold": 0.36,
    "training_bars": 1929,
    "n_features_selected": 27,
    "cv_accuracy_mean": 0.5238095238095238,
    "cv_accuracy_std": 0.03640959308363131,
    "cv_precision_mean": 0.5900971055088702,
    "cv_precision_std": 0.1216937405393715,
    "cv_recall_mean": 0.19937105165655994,
    "cv_recall_std": 0.1132578138883212,
    "cv_f1_mean": 0.2692291228186578,
    "cv_f1_std": 0.11362921343941779,
    "cv_roc_auc_mean": 0.590755710838829,
    "cv_roc_auc_std": 0.08446326814670595
  },
  "model_path": "NZDCHF_15m/random_forest_v2.pkl",
  "is_keras": false,
  "feature_names": [
    "candle_range",
    "candle_body_ratio",
    "change_1",
    "change_3",
    "change_5",
    "change_10",
    "high_5",
    "low_5",
    "range_5_pips",
    "high_20",
    "low_20",
    "range_20_pips",
    "high_50",
    "low_50",
    "range_50_pips",
    "rsi_7",
    "rsi_14",
    "rsi_21",
    "macd",
    "macd_signal",
    "macd_diff",
    "atr",
    "atr_percentage",
    "volume_ratio",
    "ema_9_distance",
    "ema_20_distance",
    "ema_50_distance"
  ]
}