{
  "pair": "NZDCHF",
  "timeframe": "15m",
  "model_type": "xgboost",
  "version": "v2",
  "saved_at": "2026-07-23T04:56:22+00:00",
  "metrics": {
    "accuracy": 0.5241379310344828,
    "precision": 0.470873786407767,
    "recall": 0.7698412698412699,
    "f1": 0.5843373493975904,
    "roc_auc": 0.6021825396825397,
    "threshold": 0.38,
    "training_bars": 1929,
    "n_features_selected": 27,
    "cv_accuracy_mean": 0.5333333333333334,
    "cv_accuracy_std": 0.054705215245698095,
    "cv_precision_mean": 0.5549391963342446,
    "cv_precision_std": 0.10582230795500878,
    "cv_recall_mean": 0.33182676598682365,
    "cv_recall_std": 0.14032236944480725,
    "cv_f1_mean": 0.39068899715733807,
    "cv_f1_std": 0.11477036424168265,
    "cv_roc_auc_mean": 0.5519375072587598,
    "cv_roc_auc_std": 0.06156785904803083
  },
  "model_path": "NZDCHF_15m/xgboost_v2.pkl",
  "is_keras": false,
  "feature_names": [
    "candle_range",
    "candle_body_ratio",
    "change_1",
    "change_3",
    "change_5",
    "change_10",
    "high_5",
    "low_5",
    "range_5_pips",
    "high_20",
    "low_20",
    "range_20_pips",
    "high_50",
    "low_50",
    "range_50_pips",
    "rsi_7",
    "rsi_14",
    "rsi_21",
    "macd",
    "macd_signal",
    "macd_diff",
    "atr",
    "atr_percentage",
    "volume_ratio",
    "ema_9_distance",
    "ema_20_distance",
    "ema_50_distance"
  ]
}