{
  "pair": "CADJPY",
  "timeframe": "15m",
  "model_type": "random_forest",
  "version": "v2",
  "saved_at": "2026-07-23T04:38:16+00:00",
  "metrics": {
    "accuracy": 0.506896551724138,
    "precision": 0.506896551724138,
    "recall": 1.0,
    "f1": 0.6727688787185355,
    "roc_auc": 0.4591598877313163,
    "threshold": 0.3,
    "training_bars": 1929,
    "n_features_selected": 27,
    "cv_accuracy_mean": 0.5384615384615384,
    "cv_accuracy_std": 0.07289285253528352,
    "cv_precision_mean": 0.5096556624925838,
    "cv_precision_std": 0.11398817840320108,
    "cv_recall_mean": 0.3643445100805862,
    "cv_recall_std": 0.15358953577961829,
    "cv_f1_mean": 0.39265379341982093,
    "cv_f1_std": 0.061039917398740186,
    "cv_roc_auc_mean": 0.5579805879697479,
    "cv_roc_auc_std": 0.10335913874565608
  },
  "model_path": "CADJPY_15m/random_forest_v2.pkl",
  "is_keras": false,
  "feature_names": [
    "candle_range",
    "candle_body_ratio",
    "change_1",
    "change_3",
    "change_5",
    "change_10",
    "change_20",
    "high_5",
    "low_5",
    "range_5_pips",
    "high_20",
    "low_20",
    "range_20_pips",
    "high_50",
    "low_50",
    "range_50_pips",
    "rsi_7",
    "rsi_14",
    "rsi_21",
    "macd",
    "macd_signal",
    "macd_diff",
    "atr",
    "atr_percentage",
    "volume_ratio",
    "ema_20_distance",
    "ema_50_distance"
  ]
}