{
  "pair": "CADJPY",
  "timeframe": "15m",
  "model_type": "xgboost",
  "version": "v2",
  "saved_at": "2026-07-23T04:38:16+00:00",
  "metrics": {
    "accuracy": 0.4724137931034483,
    "precision": 0.4864864864864865,
    "recall": 0.7346938775510204,
    "f1": 0.5853658536585366,
    "roc_auc": 0.4913657770800628,
    "threshold": 0.38,
    "training_bars": 1929,
    "n_features_selected": 27,
    "cv_accuracy_mean": 0.526007326007326,
    "cv_accuracy_std": 0.11761835745283208,
    "cv_precision_mean": 0.498927726819138,
    "cv_precision_std": 0.14815112897711305,
    "cv_recall_mean": 0.3471347446942895,
    "cv_recall_std": 0.09689514654899647,
    "cv_f1_mean": 0.3886256988601718,
    "cv_f1_std": 0.061329566418021515,
    "cv_roc_auc_mean": 0.530051131298611,
    "cv_roc_auc_std": 0.12629613177385754
  },
  "model_path": "CADJPY_15m/xgboost_v2.pkl",
  "is_keras": false,
  "feature_names": [
    "candle_range",
    "candle_body_ratio",
    "change_1",
    "change_3",
    "change_5",
    "change_10",
    "change_20",
    "high_5",
    "low_5",
    "range_5_pips",
    "high_20",
    "low_20",
    "range_20_pips",
    "high_50",
    "low_50",
    "range_50_pips",
    "rsi_7",
    "rsi_14",
    "rsi_21",
    "macd",
    "macd_signal",
    "macd_diff",
    "atr",
    "atr_percentage",
    "volume_ratio",
    "ema_20_distance",
    "ema_50_distance"
  ]
}