{
  "pair": "GBPJPY",
  "timeframe": "15m",
  "model_type": "random_forest",
  "version": "v2",
  "saved_at": "2026-07-23T04:49:55+00:00",
  "metrics": {
    "accuracy": 0.5172413793103449,
    "precision": 0.4713114754098361,
    "recall": 0.9126984126984127,
    "f1": 0.6216216216216216,
    "roc_auc": 0.6286295005807201,
    "threshold": 0.34,
    "training_bars": 1930,
    "n_features_selected": 27,
    "cv_accuracy_mean": 0.4937728937728938,
    "cv_accuracy_std": 0.08322034766981935,
    "cv_precision_mean": 0.5238497601983079,
    "cv_precision_std": 0.2960152884295494,
    "cv_recall_mean": 0.25817955206405563,
    "cv_recall_std": 0.33814761332368964,
    "cv_f1_mean": 0.2024304524304524,
    "cv_f1_std": 0.16604963961824537,
    "cv_roc_auc_mean": 0.554868094914486,
    "cv_roc_auc_std": 0.08059402514367117
  },
  "model_path": "GBPJPY_15m/random_forest_v2.pkl",
  "is_keras": false,
  "feature_names": [
    "candle_range",
    "candle_upper_wick",
    "candle_lower_wick",
    "change_1",
    "change_3",
    "change_5",
    "change_10",
    "change_20",
    "high_5",
    "low_5",
    "range_5_pips",
    "high_20",
    "low_20",
    "range_20_pips",
    "high_50",
    "low_50",
    "range_50_pips",
    "rsi_7",
    "rsi_14",
    "rsi_21",
    "macd",
    "macd_signal",
    "macd_diff",
    "atr",
    "atr_percentage",
    "volume_ratio",
    "ema_50_distance"
  ]
}