{
  "pair": "GBPJPY",
  "timeframe": "15m",
  "model_type": "xgboost",
  "version": "v2",
  "saved_at": "2026-07-23T04:49:55+00:00",
  "metrics": {
    "accuracy": 0.46206896551724136,
    "precision": 0.4431818181818182,
    "recall": 0.9285714285714286,
    "f1": 0.6,
    "roc_auc": 0.47776325977545486,
    "threshold": 0.42,
    "training_bars": 1930,
    "n_features_selected": 27,
    "cv_accuracy_mean": 0.5421245421245422,
    "cv_accuracy_std": 0.05693585121677788,
    "cv_precision_mean": 0.5273124759808546,
    "cv_precision_std": 0.17296192493334475,
    "cv_recall_mean": 0.2556514519040485,
    "cv_recall_std": 0.10575188438647412,
    "cv_f1_mean": 0.31038402400683285,
    "cv_f1_std": 0.04985461403610914,
    "cv_roc_auc_mean": 0.5663527873122913,
    "cv_roc_auc_std": 0.0859544972707471
  },
  "model_path": "GBPJPY_15m/xgboost_v2.pkl",
  "is_keras": false,
  "feature_names": [
    "candle_range",
    "candle_upper_wick",
    "candle_lower_wick",
    "change_1",
    "change_3",
    "change_5",
    "change_10",
    "change_20",
    "high_5",
    "low_5",
    "range_5_pips",
    "high_20",
    "low_20",
    "range_20_pips",
    "high_50",
    "low_50",
    "range_50_pips",
    "rsi_7",
    "rsi_14",
    "rsi_21",
    "macd",
    "macd_signal",
    "macd_diff",
    "atr",
    "atr_percentage",
    "volume_ratio",
    "ema_50_distance"
  ]
}