{
  "pair": "AUDCAD",
  "timeframe": "15m",
  "model_type": "random_forest",
  "version": "v3",
  "saved_at": "2026-07-23T04:31:56+00:00",
  "metrics": {
    "accuracy": 0.5586206896551724,
    "precision": 0.5909090909090909,
    "recall": 0.3611111111111111,
    "f1": 0.4482758620689655,
    "roc_auc": 0.544330289193303,
    "threshold": 0.34,
    "training_bars": 1930,
    "n_features_selected": 27,
    "cv_accuracy_mean": 0.5487179487179488,
    "cv_accuracy_std": 0.04488636976422091,
    "cv_precision_mean": 0.46619687905117707,
    "cv_precision_std": 0.052268864540161865,
    "cv_recall_mean": 0.43734005383821434,
    "cv_recall_std": 0.22230824989323925,
    "cv_f1_mean": 0.3997655559336116,
    "cv_f1_std": 0.1738677119298954,
    "cv_roc_auc_mean": 0.56160838638011,
    "cv_roc_auc_std": 0.04322448067246942
  },
  "model_path": "AUDCAD_15m/random_forest_v3.pkl",
  "is_keras": false,
  "feature_names": [
    "candle_range",
    "candle_body_ratio",
    "candle_upper_wick",
    "candle_lower_wick",
    "change_10",
    "change_20",
    "high_5",
    "low_5",
    "range_5_pips",
    "high_20",
    "low_20",
    "range_20_pips",
    "high_50",
    "low_50",
    "range_50_pips",
    "rsi_7",
    "rsi_14",
    "rsi_21",
    "macd",
    "macd_signal",
    "macd_diff",
    "atr",
    "atr_percentage",
    "volume_ratio",
    "ema_9_distance",
    "ema_20_distance",
    "ema_50_distance"
  ]
}