{
  "pair": "AUDCAD",
  "timeframe": "15m",
  "model_type": "random_forest",
  "version": "v2",
  "saved_at": "2026-07-23T03:29:45+00:00",
  "metrics": {
    "accuracy": 0.506896551724138,
    "precision": 0.25,
    "recall": 0.4794520547945205,
    "f1": 0.3286384976525822,
    "roc_auc": 0.4876586074111483,
    "threshold": 0.3,
    "training_bars": 1930,
    "n_features_selected": 28,
    "cv_accuracy_mean": 0.4490842490842491,
    "cv_accuracy_std": 0.12937405361445067,
    "cv_precision_mean": 0.2867717315960566,
    "cv_precision_std": 0.08395649421142469,
    "cv_recall_mean": 0.4191115790031252,
    "cv_recall_std": 0.25485970885453996,
    "cv_f1_mean": 0.2647186349457165,
    "cv_f1_std": 0.08935838016340457,
    "cv_roc_auc_mean": 0.4721756562677893,
    "cv_roc_auc_std": 0.10526123809059726
  },
  "model_path": "D:\\Projects\\forex\\memory\\ml_models\\AUDCAD_15m\\random_forest_v2.pkl",
  "is_keras": false,
  "feature_names": [
    "candle_body",
    "candle_range",
    "candle_upper_wick",
    "candle_lower_wick",
    "change_1",
    "change_3",
    "change_5",
    "change_10",
    "change_20",
    "high_5",
    "low_5",
    "range_5_pips",
    "high_20",
    "low_20",
    "range_20_pips",
    "high_50",
    "low_50",
    "range_50_pips",
    "rsi_7",
    "rsi_14",
    "rsi_21",
    "macd",
    "macd_signal",
    "macd_diff",
    "atr",
    "atr_percentage",
    "ema_9_distance",
    "ema_50_distance"
  ]
}