{
  "pair": "AUDCAD",
  "timeframe": "15m",
  "model_type": "xgboost",
  "version": "v2",
  "saved_at": "2026-07-23T03:29:45+00:00",
  "metrics": {
    "accuracy": 0.2517241379310345,
    "precision": 0.2517241379310345,
    "recall": 1.0,
    "f1": 0.4022038567493113,
    "roc_auc": 0.5,
    "threshold": 0.3,
    "training_bars": 1930,
    "n_features_selected": 28,
    "cv_accuracy_mean": 0.517948717948718,
    "cv_accuracy_std": 0.17295584655853588,
    "cv_precision_mean": 0.2386337293538105,
    "cv_precision_std": 0.13230305530448785,
    "cv_recall_mean": 0.3667809470840616,
    "cv_recall_std": 0.40102372570785627,
    "cv_f1_mean": 0.1953294025425173,
    "cv_f1_std": 0.1716784062167273,
    "cv_roc_auc_mean": 0.5212000092000071,
    "cv_roc_auc_std": 0.03895443318896975
  },
  "model_path": "D:\\Projects\\forex\\memory\\ml_models\\AUDCAD_15m\\xgboost_v2.pkl",
  "is_keras": false,
  "feature_names": [
    "candle_body",
    "candle_range",
    "candle_upper_wick",
    "candle_lower_wick",
    "change_1",
    "change_3",
    "change_5",
    "change_10",
    "change_20",
    "high_5",
    "low_5",
    "range_5_pips",
    "high_20",
    "low_20",
    "range_20_pips",
    "high_50",
    "low_50",
    "range_50_pips",
    "rsi_7",
    "rsi_14",
    "rsi_21",
    "macd",
    "macd_signal",
    "macd_diff",
    "atr",
    "atr_percentage",
    "ema_9_distance",
    "ema_50_distance"
  ]
}