{
  "pair": "AUDCAD",
  "timeframe": "15m",
  "model_type": "xgboost",
  "version": "v3",
  "saved_at": "2026-07-23T04:31:55+00:00",
  "metrics": {
    "accuracy": 0.46206896551724136,
    "precision": 0.4647058823529412,
    "recall": 0.5486111111111112,
    "f1": 0.5031847133757962,
    "roc_auc": 0.5055175038051751,
    "threshold": 0.3,
    "training_bars": 1930,
    "n_features_selected": 27,
    "cv_accuracy_mean": 0.5304029304029304,
    "cv_accuracy_std": 0.04822939367218398,
    "cv_precision_mean": 0.43693315427439094,
    "cv_precision_std": 0.04690465875982742,
    "cv_recall_mean": 0.5372662086651274,
    "cv_recall_std": 0.10475979463728478,
    "cv_f1_mean": 0.4797499074567281,
    "cv_f1_std": 0.06673140258260508,
    "cv_roc_auc_mean": 0.5654769150519142,
    "cv_roc_auc_std": 0.05345631831907366
  },
  "model_path": "AUDCAD_15m/xgboost_v3.pkl",
  "is_keras": false,
  "feature_names": [
    "candle_range",
    "candle_body_ratio",
    "candle_upper_wick",
    "candle_lower_wick",
    "change_10",
    "change_20",
    "high_5",
    "low_5",
    "range_5_pips",
    "high_20",
    "low_20",
    "range_20_pips",
    "high_50",
    "low_50",
    "range_50_pips",
    "rsi_7",
    "rsi_14",
    "rsi_21",
    "macd",
    "macd_signal",
    "macd_diff",
    "atr",
    "atr_percentage",
    "volume_ratio",
    "ema_9_distance",
    "ema_20_distance",
    "ema_50_distance"
  ]
}