{
  "pair": "EURSEK",
  "timeframe": "15m",
  "model_type": "random_forest",
  "version": "v2",
  "saved_at": "2026-07-23T04:46:47+00:00",
  "metrics": {
    "accuracy": 0.4862068965517241,
    "precision": 0.49110320284697506,
    "recall": 0.9583333333333334,
    "f1": 0.6494117647058824,
    "roc_auc": 0.4751236681887367,
    "threshold": 0.32,
    "training_bars": 1930,
    "n_features_selected": 28,
    "cv_accuracy_mean": 0.5648351648351648,
    "cv_accuracy_std": 0.0787469116295108,
    "cv_precision_mean": 0.5316530030104247,
    "cv_precision_std": 0.07240876913648121,
    "cv_recall_mean": 0.6996898762100018,
    "cv_recall_std": 0.10905583907783313,
    "cv_f1_mean": 0.5954235737611144,
    "cv_f1_std": 0.045345966883592964,
    "cv_roc_auc_mean": 0.6101350582737318,
    "cv_roc_auc_std": 0.09046782539262313
  },
  "model_path": "EURSEK_15m/random_forest_v2.pkl",
  "is_keras": false,
  "feature_names": [
    "candle_body",
    "candle_range",
    "candle_body_ratio",
    "candle_lower_wick",
    "change_1",
    "change_3",
    "change_5",
    "change_10",
    "change_20",
    "high_5",
    "low_5",
    "range_5_pips",
    "high_20",
    "low_20",
    "range_20_pips",
    "high_50",
    "low_50",
    "range_50_pips",
    "rsi_7",
    "rsi_14",
    "rsi_21",
    "macd",
    "macd_signal",
    "macd_diff",
    "atr",
    "volume_ratio",
    "ema_9_distance",
    "ema_50_distance"
  ]
}