{
  "pair": "EURSEK",
  "timeframe": "15m",
  "model_type": "xgboost",
  "version": "v2",
  "saved_at": "2026-07-23T04:46:47+00:00",
  "metrics": {
    "accuracy": 0.496551724137931,
    "precision": 0.496551724137931,
    "recall": 1.0,
    "f1": 0.663594470046083,
    "roc_auc": 0.516290905631659,
    "threshold": 0.3,
    "training_bars": 1930,
    "n_features_selected": 28,
    "cv_accuracy_mean": 0.6014652014652014,
    "cv_accuracy_std": 0.0738220205928827,
    "cv_precision_mean": 0.5564169610677903,
    "cv_precision_std": 0.07618709550916676,
    "cv_recall_mean": 0.6248933814306351,
    "cv_recall_std": 0.11348974108825702,
    "cv_f1_mean": 0.5866024993020762,
    "cv_f1_std": 0.08621518322563239,
    "cv_roc_auc_mean": 0.6293479002318174,
    "cv_roc_auc_std": 0.09744685775356682
  },
  "model_path": "EURSEK_15m/xgboost_v2.pkl",
  "is_keras": false,
  "feature_names": [
    "candle_body",
    "candle_range",
    "candle_body_ratio",
    "candle_lower_wick",
    "change_1",
    "change_3",
    "change_5",
    "change_10",
    "change_20",
    "high_5",
    "low_5",
    "range_5_pips",
    "high_20",
    "low_20",
    "range_20_pips",
    "high_50",
    "low_50",
    "range_50_pips",
    "rsi_7",
    "rsi_14",
    "rsi_21",
    "macd",
    "macd_signal",
    "macd_diff",
    "atr",
    "volume_ratio",
    "ema_9_distance",
    "ema_50_distance"
  ]
}